0,-1.3609
0,-0.55266
0,1.0428
1,1.4767
1,1.088
1,2.0805
0,-1.0565
0,-2.0523
1,0.47222
1,1.9504
1,1.8408
0,-0.014911
0,-0.49561
0,-0.47883
1,0.49502
1,-0.092161
0,-1.1474
0,-1.4291
1,1.0158
0,0.024272
1,0.81144
0,1.3049
1,0.12922
1,2.6817
1,0.35004
0,-0.091302
1,1.6145
1,1.6152
1,2.2436
1,5.9345
0,2.4894
0,0.13321
1,0.1183
1,2.6322
1,1.6894
1,1.4795
1,2.8114
1,-0.70695
0,-0.57484
1,1.8286
1,2.247
0,0.89825
0,-0.8549
0,-0.40617
1,1.2039
1,1.7382
0,0.93018
0,0.15012
1,1.6317
1,2.5307
0,0.25583
1,2.0407
1,1.818
1,0.72625
1,1.9731
1,1.0646
1,1.7598
0,0.47713
0,0.0086317
1,1.6849
1,0.27376
0,0.31263
1,2.0771
0,1.5811
0,-0.2232
1,0.95097
0,-0.12315
0,1.8601
0,-0.32843
0,-0.87711
1,1.2686
1,0.84322
0,-0.022523
1,1.3767
0,-0.37851
1,2.7791
1,3.632
0,-0.42622
1,0.54011
1,0.58452
1,2.3085
1,3.9013
0,2.4415
1,2.8821
0,-1.1837
1,1.519
1,0.91029
1,3.4667
1,2.8803
0,0.65723
1,1.3535
1,1.2511
0,-0.41748
0,-1.1787
0,0.59758
0,-1.4358
1,2.9176
1,3.3609
0,0.96525
1,1.4659
1,1.6143
0,-2.89
1,1.6444
1,1.1286
1,0.8895
1,0.21478
0,-1.0305
1,0.88835
1,1.8671
1,2.4819
1,1.6958
1,0.81355
0,-0.20866
1,0.19561
1,2.8044
0,0.77861
1,-1.3146
1,3.4027
0,-0.34091
1,2.9101
0,0.56489
0,1.0876
1,2.8247
0,0.15379
0,-0.18722
0,-0.36581
0,0.99519
0,1.6523
0,-0.69593
1,0.69387
0,-1.3745
0,-0.042509
1,0.00048995
0,1.1392
1,0.77817
0,-0.221
0,0.65406
1,2.1048
1,2.6346
0,0.47735
1,3.1085
0,-0.73151
0,0.29161
1,1.6652
0,1.213
0,0.44315
0,-0.25748
1,3.2687
0,1.18
0,-0.1698
1,1.7811
0,-0.45373
0,0.43288
1,3.3046
0,-0.95397
0,0.20894
1,2.8514
0,-0.51888
0,-1.3664
0,-0.77709
0,-1.1539
0,1.3317
1,1.246
1,0.61217
0,0.13509
0,-0.76146
1,-0.31585
0,0.7925
1,2.0966
1,0.38672
0,-0.1158
0,-0.55994
1,1.9693
1,1.093
0,-0.38506
1,1.3577
0,0.062207
1,0.62034
0,-0.21257
1,1.5645
0,-0.723
1,3.4157
1,2.003
0,-1.2521
1,3.3803
0,-0.7767
0,0.47091
0,0.80013
0,-0.37358
1,2.5741
1,0.93956
0,-0.42337
0,-0.72917
1,1.1312
1,1.4164
0,1.2722
0,0.61825
0,-0.46709
1,2.0398
1,1.9258
1,2.4218
0,0.11218
1,0.30563
1,1.2371
0,1.3936
1,1.3219
0,0.62406
1,1.8369
0,-0.64825
0,-0.43248
1,-0.24768
0,-0.32857
0,0.29945
0,0.038894
0,-1.21
1,2.8439
0,-0.17452
0,0.090265
1,1.7745
1,-0.55654
1,2.2781
1,1.4221
0,1.2097
1,3.0818
1,0.55886
1,1.7467
0,0.20883
0,-1.0782
0,2.6798
1,1.7424
0,1.3144
0,0.65089
0,0.16082
1,1.6539
0,1.3544
1,0.15135
0,0.8337
0,0.93926
1,1.9951
1,1.3527
1,1.5684
1,1.3532
1,0.24946
0,-2.2754
0,-0.4658
0,-1.2015
1,-0.17905
1,1.2066
0,-0.82162
0,-0.75276
0,0.98736
1,1.2432
0,-0.47693
1,0.72902
1,1.2191
1,1.972
1,2.7301
1,2.2822
0,-0.31459
1,3.4129
0,-0.79936
1,1.3336
1,1.3173
1,0.68996
0,0.23918
0,-1.3738
0,-1.7711
1,0.92758
1,1.162
1,0.48887
1,4.3156
0,0.040004
1,0.9648
0,0.56672
0,-1.3527
1,1.9839
0,2.2016
1,2.1785
0,2.7303
0,-2.5934
1,0.15145
1,0.21169
0,-1.9861
0,1.3613
1,1.7173
0,0.534
0,-0.22054
1,2.842
0,-0.38485
0,-1.1902
1,0.91935
1,2.7179
1,1.768
1,1.5473
0,-0.96611
1,3.7864
1,1.3306
1,1.0317
1,0.7189
1,1.4305
0,-0.10204
0,-0.76293
0,-0.52877
1,0.39474
0,-0.41879
1,1.3128
0,-0.90447
1,0.57377
1,2.4527
1,2.0016
0,0.16299
1,2.8612
0,0.88697
0,-1.8537
1,1.7707
1,2.2465
0,0.013212
0,0.56309
1,0.98446
1,0.65917
0,0.78102
1,2.7184
1,1.454
1,0.65038
1,3.0588
1,2.7772
0,-0.4511
1,0.6799
1,1.6409
0,0.34669
0,-0.60276
1,3.1131
1,3.5359
0,2.1076
1,2.0762
1,2.7026
0,2.168
0,0.94304
1,1.8046
1,3.4827
0,-0.018966
1,0.63496
1,2.5258
0,-1.5975
0,0.18726
0,0.016269
1,1.4719
0,1.8091
1,1.0648
1,1.8143
0,0.30284
1,1.7161
1,1.3233
1,3.0442
1,1.7305
0,1.6028
0,-1.4742
0,-0.75784
1,2.7119
0,0.70785
1,1.3853
0,-1.379
0,-0.26464
0,-0.70538
0,-0.083069
1,1.9781
1,1.6302
1,1.6802
0,-0.31106
0,-0.88755
0,0.75787
0,-0.84865
1,1.0205
1,2.849
1,2.1066
1,2.5341
1,1.227
1,2.0744
0,0.47112
1,1.0528
1,2.0712
1,1.0077
0,-0.39312
0,-0.92408
0,1.1517
0,0.3994
0,0.97883
0,0.23151
1,2.0595
1,1.4801
1,0.418
1,2.8949
1,4.2512
0,0.92018
0,-0.18514
1,0.85972
0,1.3893
1,2.7912
0,-0.40604
0,-2.0051
1,0.91481
1,1.6391
0,-1.0279
1,1.0773
0,-0.96721
0,0.041536
1,1.0655
1,1.2304
1,1.6072
0,-1.5411
0,-0.67706
0,-0.2542
1,1.93
1,1.894
1,0.51995
0,0.26494
0,-2.1094
0,1.5939
1,3.1096
1,2.359
0,1.2738
0,0.67954
1,0.0051197
0,0.83476
1,1.0501
1,1.922
0,0.04616
0,2.3788
1,2.604
0,0.13728
1,3.6401
1,2.1117
1,0.72389
1,1.816
0,0.96575
1,1.6553
0,-0.42736
0,-0.24987
0,2.7288
1,2.0148
1,2.1294
1,3.1457
1,1.0355
0,-0.18161
1,0.415
0,-0.68553
1,0.60744
1,3.6578
1,0.87928
0,-0.84141
0,1.4703
0,1.8461
0,0.25018
0,-0.43484
0,0.099273
1,0.45427
0,-0.21388
0,0.67855
0,-0.00085371
1,2.9391
1,2.3878
0,-0.45936
0,-0.75054
1,1.7269
0,-0.082948
0,1.6006
0,0.20807
1,0.12324
0,-0.62936
0,-0.051346
1,2.5533
0,0.71351
0,0.18976
1,-0.28404
0,-0.18646
0,-0.22985
1,1.3363
0,0.77657
1,0.87786
0,-0.94876
0,0.97955
1,0.76288
1,0.11635
1,1.1057
1,-0.37517
1,-1.3026
0,-0.54443
1,1.4561
1,0.69277
1,2.2281
1,0.78375
0,-0.25561
0,0.28432
1,1.2786
0,0.90899
0,-2.4304
1,2.4883
1,2.7824
1,3.3894
1,1.3113
0,0.35799
0,0.16308
1,0.94474
0,-2.2808
0,0.49542
1,2.2934
1,1.6641
1,2.478
0,0.28406
1,0.18876
1,4.2185
1,0.757
0,0.13192
0,-0.82018
0,-0.31335
1,0.2338
1,1.9132
1,2.388
1,-0.17424
0,-0.5703
0,0.59358
1,2.0249
1,1.1727
1,2.1365
1,2.0756
0,-0.21146
1,-0.1886
0,-0.017036
1,0.21079
1,1.3237
1,1.7772
0,-0.88148
0,0.77178
0,-0.82366
1,-0.026849
1,1.6041
0,0.14222
1,0.26778
1,1.9642
0,-0.2135
1,0.50169
1,-0.47731
0,0.662
0,-0.34057
0,0.89897
1,0.46024
1,1.234
0,-0.78997
1,0.82203
0,0.66474
1,2.1912
1,1.6441
0,-0.42843
0,1.5456
0,1.4463
1,1.0833
0,-0.05869
1,1.3957
1,1.962
0,0.42174
1,0.99283
0,-1.5431
0,0.67806
0,0.38715
0,-1.0786
1,1.1811
0,1.0193
1,2.5294
1,1.3911
1,1.012
0,-2.3846
0,-0.86569
0,-0.55752
0,-0.47426
1,0.76587
0,0.40789
0,-0.11867
0,0.29482
0,1.0843
0,1.6469
1,1.0737
1,1.915
0,-1.5864
0,0.34765
0,0.3059
0,1.2096
0,0.44368
1,4.1333
1,1.92
0,1.3673
0,-1.1388
1,1.3303
0,-1.868
1,2.6692
1,2.394
1,1.5435
0,0.49211
1,2.2463
1,0.81479
0,0.11464
1,1.093
1,3.5098
1,-0.06402
0,-0.58923
1,1.5503
1,0.27417
0,-0.16167
1,3.1824
0,-0.47974
1,0.9778
0,1.1234
1,2.6982
1,1.8538
0,1.909
1,1.1996
1,2.0876
0,0.67407
0,-0.86359
0,0.9152
1,1.0648
1,2.5235
0,1.2576
0,0.072718
1,1.6502
1,2.1494
1,-1.9842
0,-0.74385
1,1.242
0,0.95198
0,-0.1163
1,1.6121
1,0.98649
1,1.4246
1,1.8351
1,2.2744
1,2.9474
0,0.71284
0,1.3416
0,-1.2478
0,-0.16939
0,-0.18023
0,0.54239
1,1.0213
0,-0.49105
1,0.53685
1,1.2002
0,-0.30699
0,-0.36899
1,0.86473
0,1.1848
1,-0.071417
0,1.0299
0,-0.068673
0,-0.60292
1,0.32876
0,-0.30008
0,0.3599
1,0.65759
1,0.78158
0,0.56492
0,-0.13201
0,0.16466
1,1.5305
0,1.5263
0,0.35454
0,-0.78992
0,-0.18187
0,0.016332
1,1.6136
1,1.9856
0,-1.9321
0,-0.38117
0,-1.3856
1,2.7575
0,0.2964
0,1.0221
0,-0.4992
0,-0.53129
1,1.1198
1,0.894
0,-0.093037
0,1.1548
1,3.9597
0,-0.60793
1,2.1285
0,-1.3422
1,2.5011
0,-2.1716
1,1.2153
1,2.7012
1,0.49845
0,0.50024
1,0.18182
1,2.84
0,-0.42977
0,-0.073186
1,0.37512
1,1.6786
0,-0.29335
0,0.51128
0,-1.7218
1,1.0963
0,-0.17188
1,1.7702
1,0.92711
1,2.4862
1,1.3155
1,1.7392
1,-0.35135
0,0.93559
1,1.6998
0,-0.53771
0,0.96595
0,0.96589
0,2.9054
1,1.5316
0,-0.1892
1,0.72296
0,0.2943
0,0.48415
1,2.3019
1,1.7758
0,-1.4664
0,-0.21251
1,0.89062
1,2.1205
1,0.64599
1,1.4383
1,1.7408
1,1.6897
1,1.8203
0,-0.4585
0,1.0414
0,-1.8361
0,1.1545
0,-0.156
0,-1.0399
0,-0.48518
1,0.081694
0,-0.076302
0,0.1835
0,-0.043514
1,1.2373
0,0.58263
1,1.5599
1,0.0030205
1,2.779
0,-1.1216
1,1.0808
0,0.29763
0,-1.2492
0,-0.66303
0,-0.065414
1,4.3584
1,1.167
1,2.054
1,2.2181
1,1.4234
0,-1.3209
1,3.2259
1,2.2168
0,-0.50958
1,2.2042
0,-0.37637
0,-1.0038
1,1.7695
1,2.1412
1,1.6318
1,2.6785
1,1.9144
0,0.96344
0,-1.0061
0,-0.207
0,0.29635
0,-0.18283
1,-0.80585
1,1.7192
1,-0.14345
0,-1.1689
1,2.4014
0,1.4706
0,-0.34401
1,1.625
0,1.2447
1,0.70533
1,1.3562
0,-1.8197
0,-0.19291
0,-0.021317
1,1.4832
0,0.35871
1,2.0046
0,-0.04285
1,-0.48821
1,2.0957
0,0.90904
1,2.2579
1,0.55837
1,1.1457
1,3.0921
1,1.2327
1,1.723
1,1.2464
0,1.8911
1,1.3803
1,2.7422
1,1.4868
1,1.3005
1,0.12975
0,0.9515
0,-0.054888
0,-0.11943
1,1.0924
0,-0.44865
0,-1.0697
0,-0.02541
0,-0.35646
1,1.0061
0,0.79742
1,3.1857
1,1.7926
0,0.21154
1,0.044763
0,2.3759
0,1.0771
1,1.1325
1,0.17519
0,-0.58855
1,1.5618
0,0.41082
0,0.69823
1,0.8986
0,0.29958
1,1.86
0,0.93142
1,1.6457
1,3.1884
1,1.71
0,-0.63194
0,-1.4259
0,-0.49158
0,1.5013
1,1.9945
1,2.9772
0,-0.58102
0,1.0587
1,1.957
0,0.87639
0,1.282
0,-0.7055
0,-0.78744
1,2.2455
1,-0.077366
1,3.0806
0,-1.5295
0,0.29218
1,1.4755
1,2.6227
0,0.41617
0,-0.42326
0,0.94016
0,-0.6304
0,0.50509
0,-1.1032
1,3.0134
1,-0.2387
0,0.97213
0,0.50587
0,0.38461
1,-0.23667
1,-0.92726
0,-2.3508
1,1.0535
1,2.0891
1,1.4873
1,0.81973
1,1.0282
1,1.2145
0,1.5528
0,-0.048902
0,1.3179
1,2.5895
0,-0.040246
0,-0.33555
1,0.70731
0,-1.2367
1,0.87567
0,-0.54586
0,0.12571
1,0.97538
0,-0.039757
0,-0.12085
0,-1.3405
1,1.7567
1,-0.11178
1,0.58954
0,0.55383
1,2.9655
0,-1.2679
1,1.2642
0,0.0060226
1,1.0491
1,2.5173
1,1.2436
1,0.89808
1,-0.12223
0,-1.718
1,3.4575
1,3.0363
0,-0.61943
0,-0.47156
0,0.40061
1,0.80499
1,2.1159
0,-0.8725
1,1.0422
1,0.8016
0,1.7426
1,-0.16093
0,-0.35891
1,2.0622
0,0.096476
0,0.069636
1,1.0435
1,2.8106
0,-0.53069
1,1.9884
1,0.045766
0,-0.59861
0,-0.52959
0,0.17913
1,0.69039
0,0.59273
1,2.5061
0,2.6343
1,1.4908
0,-2.067
1,1.9037
0,-0.55479
1,1.2689
0,-0.29638
0,0.82243
1,0.92115
1,0.4587
0,-1.1195
0,0.38471
0,-3.2299
1,0.93314
1,0.42034
1,1.1191
0,1.2725
0,0.65967
0,-0.51482
1,-0.1342
1,0.70359
0,-0.3736
0,-0.066933
0,1.2189
1,0.92043
0,2.6263
1,2.2082
1,0.17636
0,-1.4537
1,1.2807
1,0.78817
1,3.235
1,0.54569
0,-0.66096
1,1.3808
1,-0.20591
1,1.6323
0,0.61583
1,1.7695
1,0.83953
0,0.79713
1,1.9662
0,-1.7067
0,-0.80715
0,-1.4014
1,1.0374
0,0.14624
0,-1.0497
1,0.74314
0,0.12725
1,1.8749
1,2.4051
1,1.7406
1,0.82106
0,-0.3165
1,1.5002
1,0.97546
1,2.722
0,1.3801
0,-1.5663
0,-0.48003
0,0.75638
0,0.37379
1,1.5424
0,-0.48574
1,-0.37105
1,2.7774
0,0.028109
1,0.95324
0,1.4996
0,-0.071059
1,1.4457
0,1.9498
1,3.1055
1,2.9799
0,0.63678
1,3.0661
1,1.5103
0,0.77518
1,3.363
0,-0.65157
0,1.0549
1,3.2853
1,0.14161
1,1.4827
0,-0.40619
0,-0.60918
1,2.0044
1,1.5664
0,1.8363
1,2.3815
0,-1.4732
1,0.99238
0,0.406
1,2.4535
1,1.5268
0,0.96463
0,-1.8718
1,2.4222
0,1.174
0,0.3556
0,1.361
1,1.9676
0,0.25148
1,0.64931
0,-0.98196
1,1.2129
1,1.0897
0,-0.075506
0,-0.13853
1,1.4899
0,-1.7849
1,2.1378
0,-0.31023
0,-0.24685
1,1.5649
1,1.5498
1,1.2152
0,0.46578
1,3.0673
1,0.89133
0,0.87973
0,0.90611
0,-0.82768
1,2.4561
1,1.635
0,-1.6244
0,0.72564
0,1.7697
1,2.3637
0,-0.44514
1,2.4765
1,3.5373
1,0.41761
0,0.032441
0,-1.3513
1,0.97274
1,2.8942
0,0.44863
0,-0.5879
1,3.1095
1,-0.56551
0,1.2577
0,0.14607
0,-0.82572
0,-0.054477
0,0.72466
1,1.1056
0,1.3745
1,1.4304
0,-1.8276
0,0.0029671
1,1.7076
0,0.63959
1,1.9238
0,0.35709
0,0.2771
0,-0.21847
0,0.58307
1,2.144
0,0.64767
1,0.92278
0,1.2906
1,0.6697
1,-0.13893
1,0.88079
1,2.6739
1,1.6276
1,1.1051
1,0.91195
1,0.54714
0,-0.36624
1,0.96214
1,0.42248
0,-0.58414
0,-2.5472
1,3.196
1,1.2207
1,0.15442
1,1.688
0,-0.48238
1,3.3628
1,1.3961
0,-0.49064
1,0.54887
1,1.408
1,0.10322
0,-0.13786
0,0.24146
0,-0.53017
0,-0.61056
0,-0.0018508
0,-0.27331
0,-0.94179
1,1.373
1,0.62411
0,0.074857
0,1.1017
0,0.37947
1,1.6324
0,0.33037
1,2.3499
0,-0.18658
0,0.47381
1,0.89254
1,1.7518
1,2.0517
0,-1.4981
0,-0.10355
1,1.6218
1,3.2634
0,2.2982
1,3.4337
1,1.1205
0,-0.19301
0,-1.075
1,0.89034
0,-1.1588
1,0.76818
1,0.94131
1,1.8907
1,1.2611
0,0.24625
1,2.8388
1,1.9869
1,0.98669
1,1.4504
0,0.5277
1,1.5689
0,0.11516
1,1.4371
1,-0.77139
1,1.5267
1,0.72602
0,0.30422
0,-1.1099
0,0.91791
0,2.1332
1,-0.48776
1,1.3624
1,-0.017883
1,-0.81918
0,-0.39621
1,0.18035
0,-0.0080659
0,1.7574
0,1.9282
0,-1.1556
0,0.41055
1,2.3689
0,0.7829
0,1.1777
1,1.8095
1,1.9771
1,1.4715
0,-1.0591
0,0.71767
0,-0.35034
1,0.98527
0,-1.2164
0,-0.45074
1,0.45625
1,2.0385
0,2.383
1,-0.70604
1,3.1684
1,1.274
0,-0.55198
1,0.93822
0,-0.76906
0,-0.30341
1,1.4791
0,0.15105
0,-0.35663
1,0.022205
0,-1.155
1,1.258
0,1.7084
0,1.3305
0,1.0263
1,-0.37255
0,1.7682
0,-0.76595
0,1.2455
1,1.301
1,0.34746
1,1.8851
0,-0.32029
0,0.033763
1,0.61264
0,0.094603
1,0.87345
0,-0.5795
0,-0.32486
1,1.8359
0,2.8564
0,-0.468
0,0.066442
1,1.9306
0,-0.63673
0,2.229
1,1.2647
0,-0.1993
1,2.806
1,0.62635
0,-1.8371
0,0.89
0,-0.78849
0,1.189
0,-1.298
0,-0.072524
1,1.0785
0,-0.13243
1,3.6485
0,1.3212
1,1.5921
1,1.1842
0,-1.1049
1,1.0872
1,1.2835
0,-0.13887
0,1.8938
1,-0.75109
0,1.7184
0,0.82422
0,-0.41683
1,0.95008
1,2.8886
0,-0.24445
1,1.7518
1,1.5802
0,-0.15512
1,1.2956
0,-0.057467
0,-3.2361
1,0.37048
1,0.61919
1,1.5981
1,2.8806
0,-2.3566
1,0.46205
1,0.6535
1,0.77652
0,0.22637
1,1.1041
1,2.0568
1,2.0814
1,2.4602
0,-2.3856
0,-0.076505
0,-0.17008
1,2.5061
1,0.015296
0,1.7445
1,0.33244
1,0.22831
1,1.9704
1,1.3431
1,-0.10078
0,0.76514
1,1.4904
0,-1.8216
1,0.94263
1,0.56398
1,1.7725
0,-0.079661
0,-0.33039
0,0.44891
0,1.2679
1,0.85577
0,1.5595
0,-0.22309
0,1.7267
0,-0.17043
1,2.584
1,0.8201
1,1.9242
1,1.1354
0,1.6377
0,-2.349
1,2.1049
0,0.16189
1,2.555
1,1.2823
1,-0.56898
0,0.35661
0,-0.88594
0,2.1189
0,-1.5164
0,0.95305
0,-1.7981
0,-1.0408
1,0.60632
1,0.94242
0,0.5297
0,-0.47932
1,0.3593
0,0.80414
0,-0.26209
0,-0.35278
0,0.18903
0,1.1146
1,1.929
1,1.368
1,-0.10116
0,0.67652
0,0.37634
0,-2.1197
1,3.189
0,0.86637
1,0.83702
0,-0.6766
0,0.45702
0,-1.0363
1,1.5668
0,-0.10548
1,0.98938
1,1.1451
1,2.4323
0,-0.21557
1,0.71737
1,1.6612
0,-0.91378
1,1.6611
0,-0.64472
1,1.9099
0,-1.6929
1,0.2797
1,-1.1763
0,2.0456
0,0.42458
1,1.0668
1,2.6503
1,1.1365
0,-1.4238
0,0.96212
1,1.2834
1,0.77132
0,-2.4641
1,0.18186
0,-0.50599
0,-0.19063
1,2.0142
1,1.3064
1,1.9763
0,-1.0726
0,-0.25913
1,2.4807
0,1.1458
1,1.8459
1,1.3148
1,1.5997
1,2.1887
0,-0.81773
1,0.96712
0,1.4045
1,2.4569
0,0.53119
1,2.166
0,-1.3538
1,1.3311
0,0.38881
0,1.4653
1,2.3298
1,1.5119
1,2.0189
0,-1.0535
0,0.26547
0,-0.070527
1,2.0808
0,0.33257
0,-0.87357
1,0.27836
0,1.972
0,1.2027
0,-0.33114
0,-1.799
1,1.7778
1,0.12618
0,0.30747
0,0.30167
1,2.12
0,-0.82226
0,-0.40096
0,-0.7662
0,-0.98481
0,0.60016
1,1.0348
0,1.2555
0,0.76998
1,2.1437
0,-1.7871
1,0.72878
1,1.2949
1,1.1317
0,0.31905
1,1.4056
1,1.8708
1,-0.51658
0,-0.13932
0,0.54916
1,1.1174
0,0.094847
0,-0.51086
1,1.6158
0,-1.0409
1,0.59125
1,3.4686
1,1.3453
0,0.13982
1,0.72499
0,-0.17759
0,-2.1827
1,3.1058
0,-3.0891
1,2.9776
1,1.0576
0,-1.2178
0,-0.66681
0,-0.93781
1,2.6485
1,1.5145
1,2.8642
0,-0.33423
0,0.48159
1,2.8017
1,0.32116
1,0.70177
0,-0.23761
0,-0.92933
0,1.7379
1,0.58067
0,-0.79336
1,0.48973
0,-0.061576
0,-1.3824
0,-0.56077
1,1.0309
0,-0.066431
0,-0.20945
1,0.14266
0,-0.41856
0,-2.1407
1,2.028
0,-0.22057
0,2.3125
1,3.0987
0,0.72686
0,0.29668
1,0.50348
0,0.3353
0,0.85066
0,0.935
1,1.2184
1,2.9236
1,3.2222
0,1.0081
1,0.27586
1,1.0669
0,0.92931
1,1.3831
1,0.95358
0,-1.2117
1,1.846
1,1.1916
0,-0.47886
1,2.9791
0,0.66279
1,1.5228
0,-0.16582
0,0.39918
0,-0.69767
0,-0.52652
0,0.48649
1,1.3483
1,0.83444
0,-0.67789
1,3.2582
0,0.27957
1,-0.12129
1,1.1816
0,1.1515
1,1.1133
0,-0.65441
0,-0.56345
1,0.75182
1,1.8281
1,2.2604
0,-1.4064
0,-1.326
1,3.6104
0,1.0678
1,2.1776
1,0.5802
0,-0.93024
0,-0.36879
1,1.1629
0,-0.16825
1,3.4049
1,0.69586
1,-0.050758
1,1.1218
0,-1.5424
1,1.6816
1,1.1422
1,2.7603
0,-0.4528
1,-0.33845
0,0.24163
0,2.0821
1,1.0622
0,-0.21373
1,0.56253
0,-1.866
1,3.2767
0,-1.7883
0,0.9866
1,2.0318
0,0.32695
0,-1.2409
0,-0.23881
1,0.54006
0,0.96153
0,-0.12527
0,-1.5946
0,-1.2983
1,0.44706
1,1.3404
0,0.045616
1,0.9628
1,0.55256
0,0.07731
0,0.36819
0,1.2089
1,1.1372
1,1.2939
1,1.9062
1,1.8814
1,0.86819
0,-1.4332
0,-1.4412
0,0.04612
1,1.1593
0,0.90511
1,0.17841
1,2.2006
0,0.51001
0,0.47341
0,-0.22695
0,1.7072
1,0.82251
1,1.8214
1,-0.6161
0,1.4714
1,1.8918
1,0.94435
1,1.2683
1,1.456
1,0.87123
1,2.1931
1,-0.30655
1,0.94861
1,1.2972
0,-0.61451
1,3.081
1,2.9041
1,1.6095
1,-1.2145
1,2.437
0,-0.82787
1,1.4983
1,0.95727
1,2.2932
0,0.59462
0,1.347
1,0.49509
0,-0.14584
0,0.39649
0,-1.0166
1,2.4353
1,2.6954
0,1.2695
1,2.2257
1,1.6279
0,0.63035
1,-0.68847
1,0.72917
1,1.5538
0,-0.92414
1,2.2351
0,-2.6386
1,1.5943
1,2.5612
0,0.40429
0,0.62908
1,1.4408
1,0.35327
1,1.9961
1,0.28852
0,-0.13675
0,-0.81406
1,1.3986
0,-0.4106
1,1.1994
0,0.30746
0,0.56375
1,0.31892
1,1.2408
1,1.8903
0,0.42871
0,0.30561
1,1.83
0,0.072481
0,0.46743
0,-0.54433
0,-0.035738
1,1.5816
0,-0.17747
0,-1.8751
1,2.7042
0,1.5795
1,1.6396
1,-0.040168
1,1.2607
0,-0.70089
1,1.3431
0,-0.3611
1,2.057
1,0.36307
0,0.16239
0,0.91697
1,0.35812
0,-1.3294
1,0.70601
0,-0.49828
1,2.0392
1,2.1435
1,3.5877
0,-1.7345
1,1.181
0,-0.62173
1,1.7776
1,2.5685
1,2.6467
1,1.8753
1,2.1481
0,-0.39958
1,0.93329
0,0.67297
0,0.97464
1,0.41074
0,-0.47209
1,1.491
0,-1.7291
1,1.9374
1,0.60997
1,0.22473
1,1.2793
0,-0.28432
1,-0.43502
0,-0.74372
0,-0.41517
0,1.4968
1,1.5225
0,-0.068233
0,1.5556
1,1.6269
1,-0.16027
1,0.29572
1,2.2602
0,0.88241
0,1.1632
1,1.3266
1,1.1158
1,0.36018
1,3.0346
1,1.4178
1,0.68938
1,2.562
1,2.97
0,-0.056819
0,-1.1181
1,2.932
1,1.4829
0,2.2693
1,1.7778
1,0.80476
1,0.62686
1,1.7729
0,-1.554
0,2.1218
0,0.78992
0,-0.95265
1,-0.36258
0,0.8065
0,1.2442
1,2.3186
1,0.93853
1,0.077704
0,-0.96204
1,2.6853
0,-0.91417
0,-0.38343
1,1.984
0,-0.3251
1,3.2832
0,-0.35566
1,1.2162
0,-0.51999
1,0.043164
1,1.8035
0,-0.47186
0,-0.58567
0,-1.3712
1,2.5196
0,0.63422
0,0.077218
1,0.72577
1,2.6044
0,0.82033
1,1.9029
0,1.3377
0,0.85121
0,-0.64339
1,2.101
0,1.2111
0,0.12704
0,-0.44852
1,1.774
0,-0.056736
1,2.0042
0,-0.49319
1,2.4394
1,0.47802
1,1.6955
1,1.4491
0,-1.0423
0,1.3022
0,0.19306
1,1.3138
0,1.2705
1,0.059601
0,0.053791
1,-0.10574
0,0.77514
0,-0.26319
0,-2.3869
0,1.0221
1,1.9636
0,-0.24543
1,1.6166
1,0.48638
1,3.7177
1,1.1038
0,-1.0966
1,0.62424
1,3.9992
0,-0.17914
0,1.6827
0,0.0629
0,0.63426
1,0.62114
0,-0.38436
1,-0.31815
1,-0.33684
1,2.8295
0,0.22249
1,0.76024
1,1.1091
0,0.16896
0,0.6169
0,-1.0593
0,-0.48204
0,-0.068511
1,-0.44718
1,1.2421
0,0.7189
1,1.4529
0,-0.97954
0,-0.82213
1,1.3226
1,2.2944
1,2.0345
0,-1.7611
0,-1.7055
0,-0.31773
0,0.26659
0,1.4795
0,0.092146
1,0.13013
1,1.0038
1,0.39775
1,1.4362
0,-1.9674
1,1.2303
0,1.7239
0,1.2087
1,1.2763
0,-1.1512
1,0.3725
0,0.88976
0,0.51699
0,-1.5892
1,1.6802
1,1.6941
0,-0.98835
1,-0.15228
1,-1.0297
1,2.3236
1,0.74284
1,-0.0054156
1,0.16058
0,-1.3652
1,1.6494
1,1.5718
0,-0.41927
1,0.64821
0,-0.14448
1,2.3489
0,0.31667
0,-1.24
0,0.64648
0,1.0017
0,-1.9558
0,0.47916
1,0.99671
0,-0.90069
0,0.64215
0,0.15957
0,-0.69568
0,-0.45884
0,0.44703
0,0.8995
0,-0.78675
0,1.7049
0,0.29756
0,-0.31192
0,-1.5797
1,2.519
1,1.9459
0,-1.0076
1,0.068778
0,-1.021
1,1.8828
0,0.42123
1,0.45745
1,2.8474
0,0.44624
1,1.6748
0,-0.15753
0,0.7296
0,-1.5445
1,1.7514
1,0.5173
0,0.84083
0,0.23611
0,0.95508
0,2.3708
0,-0.030209
0,0.31347
0,-0.48627
1,-0.0164
1,3.7643
0,0.24729
1,2.516
1,1.3897
0,0.87196
1,1.3008
1,-0.034813
1,1.7485
0,0.54823
0,0.2611
1,3.1878
1,1.9493
1,1.8455
1,3.4285
1,0.32907
1,2.2589
1,3.2754
0,-1.0614
0,-0.41701
0,-0.80882
0,-1.1755
1,0.81004
1,2.4795
1,1.9899
0,-0.61686
0,-1.1335
1,0.065829
1,-0.58606
1,1.5263
1,2.5213
1,3.8577
0,-1.0105
1,2.7449
1,1.1768
0,1.3929
1,1.7941
0,-0.62661
1,2.256
0,-0.30914
1,-0.51456
1,0.43337
0,-1.6752
0,-0.51603
0,0.31046
0,-1.8557
0,0.16869
1,1.8678
0,-0.18936
1,3.2237
0,-0.26421
0,0.39762
1,1.7497
1,1.7229
1,2.8534
0,-1.2655
0,0.6867
0,-1.3975
1,1.5007
0,0.26216
0,0.33246
1,2.4449
0,-0.56493
1,1.3796
0,0.8283
1,1.16
1,0.2389
0,1.1653
0,-0.058828
0,1.5089
1,-0.3371
0,-1.0567
1,0.65721
1,2.8646
0,0.78821
1,3.3183
1,0.93607
0,0.19529
1,2.3969
0,0.34834
0,-0.92319
1,1.6131
0,0.37975
1,0.76818
0,2.2533
0,0.20388
0,0.94292
1,1.6049
0,-0.40224
0,0.51437
0,0.57901
0,0.35236
1,3.0192
1,1.4345
1,2.4766
1,2.8015
1,3.4038
1,2.8272
1,2.7323
0,0.044622
1,1.7998
1,1.9898
0,1.2241
0,1.8064
0,0.30189
0,1.6425
1,0.33211
0,-1.291
0,1.1249
0,0.29928
0,-0.278
1,2.2186
1,2.1506
0,-0.7407
1,2.0561
1,1.9603
1,0.78448
1,-0.80254
0,1.5857
0,0.21432
1,0.60181
0,-1.0421
0,0.25817
1,1.9872
1,2.5333
1,1.5557
1,-0.1954
0,-0.68288
0,-0.67902
1,0.88769
0,0.19023
1,0.82094
1,0.28076
1,2.161
1,0.87707
0,-0.36526
0,-0.8059
1,0.30953
0,0.39901
1,1.2529
0,1.3549
0,-0.062769
1,1.7689
1,0.4771
1,1.4084
0,0.76931
1,1.1742
1,1.6762
1,1.9059
1,-0.88264
0,0.77752
1,2.7045
0,-0.2211
1,1.879
0,-1.895
1,0.28186
1,1.951
1,3.2003
1,1.8092
1,2.7913
1,0.84748
0,1.2247
0,0.73279
0,0.20557
0,0.40387
1,2.3481
1,1.3887
0,0.16223
1,0.86956
0,0.13497
0,-0.58907
0,-0.54893
1,0.84242
1,1.1569
0,-3.1033
1,3.2458
1,1.1563
1,1.824
1,1.8112
1,0.98612
1,1.5944
0,-0.36514
1,1.2735
0,1.239
0,-0.92095
1,2.256
1,0.86156
0,0.94839
0,-0.79918
0,0.16651
1,2.4464
1,0.89751
1,2.0618
1,0.53191
1,2.1758
1,4.5869
0,0.52056
1,0.42689
0,-0.55947
1,1.2125
0,0.20442
0,-1.4957
1,1.7951
1,2.5397
0,-0.62332
0,-0.29697
0,1.4097
1,0.59853
1,1.2598
1,3.1428
1,0.67262
1,1.4693
1,-0.2708
0,-0.93216
1,1.7768
1,2.0537
1,0.71133
0,-0.41218
1,2.6279
0,-2.0146
1,1.261
1,1.4804
1,2.8397
0,-1.8278
0,0.0090617
0,-1.3769
1,1.3629
1,0.52215
1,-0.244
0,-0.39988
0,0.73962
0,0.7328
0,-1.4028
0,0.3505
0,-0.74276
1,2.1723
1,2.832
0,-0.37581
0,0.79578
0,-0.81816
0,1.1718
1,1.7818
1,0.71744
0,-0.12541
1,2.0895
0,-0.18548
0,0.50753
1,1.1675
0,-2.0611
1,2.4188
0,0.70741
1,0.95577
0,-0.93695
0,0.56211
0,0.12676
0,2.1303
1,2.4827
0,2.6823
0,0.84328
1,2.4776
0,-1.1359
1,1.9162
0,-0.81916
0,-1.0712
1,1.2671
1,-0.24587
0,-1.0101
1,-0.41869
1,2.2562
0,-0.8595
0,1.3032
1,2.0064
0,1.0088
1,2.215
1,2.1944
1,0.51658
0,0.52974
1,1.1212
1,1.2921
0,1.5439
1,1.9526
1,1.5709
0,-0.018605
0,-2.6165
0,1.8105
0,1.0082
0,-0.012258
1,-0.20935
0,-1.7949
1,2.4837
0,-0.19486
0,-0.42537
1,1.349
0,0.2245
0,-1.0689
0,-1.3597
1,1.9431
1,0.80109
0,-0.19924
0,1.1434
1,0.87744
1,3.1423
1,-1.0485
1,0.098896
1,0.44824
1,0.20142
0,2.4003
0,0.24275
1,2.7508
0,1.174
1,1.951
0,-0.31983
0,1.4857
0,0.84646
1,0.45008
0,0.36288
0,0.73652
1,0.37504
0,1.0191
1,1.3392
0,0.37657
0,0.33685
1,1.2055
1,3.1459
1,-0.61572
1,0.87465
0,-0.13392
0,1.3365
1,0.75238
1,1.3381
1,2.7136
1,3.1433
1,1.8382
1,0.60171
1,1.5796
1,2.5899
1,1.5544
1,-0.47251
0,0.59386
0,1.1528
0,1.4096
0,0.17401
0,1.7834
0,0.83631
0,-2.0909
1,2.8692
1,1.4919
1,0.64922
0,-0.76465
1,2.0039
0,-0.19745
1,0.1079
1,1.235
0,-1.7609
0,0.22112
1,-0.13757
0,0.058167
0,-0.26286
1,2.0275
1,0.36315
1,1.4024
0,0.602
1,2.9617
1,2.011
0,0.9445
0,0.086561
1,1.1211
1,0.35491
0,0.2937
0,0.35425
0,1.5312
0,-1.0923
0,-0.36871
0,1.4238
0,-0.10217
1,2.6366
1,1.7252
1,3.2074
1,-0.15449
0,0.39293
0,-1.3168
1,3.0305
1,2.8575
0,0.018994
1,-1.2595
1,2.478
0,-0.052708
1,1.2011
0,-0.55302
0,-0.90326
1,2.4293
0,0.3191
1,1.6012
0,0.52123
0,2.4897
0,-0.74923
1,-0.98483
0,-0.13597
1,0.67914
1,0.51511
1,1.354
1,2.1566
0,0.70146
1,1.3529
1,0.39427
1,0.19078
1,3.3461
0,0.33761
1,2.3318
0,0.75197
1,3.4503
1,1.7259
1,2.2182
0,-1.4682
0,-1.3037
1,1.1591
0,-1.0882
0,1.7138
0,-1.4559
0,1.8752
1,1.8005
1,2.4548
1,2.5458
1,1.6089
1,1.1443
1,0.90149
1,4.4076
1,1.6817
1,1.4715
0,0.51422
1,-0.20709
1,0.93408
0,0.64347
0,0.89334
0,0.33921
1,0.79696
0,-0.97291
0,-1.0361
1,1.1987
0,0.63456
0,0.60211
0,0.41085
0,0.16643
0,-0.39542
1,1.2752
0,-1.2435
1,2.5115
1,-1.3056
1,0.78236
1,2.247
0,0.65621
0,0.0048118
0,-0.61151
1,2.8412
1,2.4783
0,-0.14963
0,0.34504
0,-0.064666
1,-0.043024
1,2.8067
0,0.59011
0,-0.58753
0,-1.0886
1,0.71829
1,2.1998
1,2.6885
1,0.075784
1,3.2481
0,0.55684
0,-0.53523
1,0.52219
0,0.37422
0,0.20737
0,-1.8312
1,0.82747
1,0.178
1,2.3053
0,1.3224
0,1.847
0,-0.45165
1,2.5407
1,-0.36088
1,1.8472
1,3.5066
1,0.77383
0,-0.098148
1,3.7097
0,-1.3848
1,0.45649
0,0.43694
0,0.35118
1,1.9804
0,0.44331
0,0.051118
1,0.69736
0,1.1293
0,-0.60555
1,1.5712
1,2.7035
0,0.038539
0,0.13596
0,0.23643
0,0.18233
1,1.3648
1,2.0274
1,0.30456
1,3.0952
0,0.7606
0,-0.0022944
1,1.9995
1,0.71856
1,2.2636
1,1.4009
0,0.61628
0,1.055
1,1.5308
1,1.4541
0,-1.2653
1,1.3807
1,1.9452
0,-0.095931
1,2.8296
1,0.78837
1,2.1991
0,1.1181
1,0.30145
1,2.5901
1,0.64701
1,1.5295
1,1.4488
1,1.0106
0,-1.77
0,1.4823
1,1.1102
1,2.2934
0,0.80129
1,1.0957
1,2.1082
0,-0.60845
1,2.1536
1,2.9572
0,0.98256
0,0.50043
0,0.67586
0,1.1481
1,1.1882
1,2.1974
0,0.33599
1,2.2161
0,-0.34978
0,0.43287
0,0.33324
0,0.65488
1,2.8999
0,0.77286
1,1.9356
1,0.18228
0,-0.17408
1,0.89297
1,2.002
0,0.82952
0,0.97855
1,2.9573
0,0.76657
1,1.1083
1,0.91878
1,-0.042118
0,0.10261
1,1.67
0,0.55708
0,1.2924
0,0.74835
0,-0.88642
0,0.84165
1,0.078835
1,1.645
1,0.76126
1,2.2385
1,3.3121
1,3.0178
0,-0.73873
0,-1.1778
0,-1.5017
1,1.5806
0,0.25163
1,2.0162
1,2.6069
1,0.82305
0,0.13667
0,0.26088
1,2.0881
0,0.2659
0,0.19591
1,1.4699
1,-1.5918
1,1.3858
0,0.47013
1,2.4759
0,-1.4735
1,2.1809
0,0.18217
1,0.94619
1,2.0932
0,-0.8299
1,0.94821
1,0.4269
1,1.709
1,1.7821
0,0.24021
1,0.010878
1,0.07232
0,-0.13629
0,1.2178
1,-0.29444
0,-0.88509
0,-1.418
0,1.4972
1,1.1125
1,3.422
1,1.672
1,3.1689
1,0.25753
0,0.12335
0,-0.63678
0,0.12036
0,1.3823
1,1.7702
0,-0.59306
1,0.63171
0,0.45404
0,0.90998
0,-1.0413
0,-0.92324
1,0.11836
0,-0.33247
0,-0.86294
0,0.44257
1,1.3565
0,-0.81525
0,-1.9663
0,0.99745
0,0.086712
1,2.2315
0,0.80292
0,-0.39858
0,1.5687
0,-0.86762
1,1.3141
0,0.462
1,1.125
0,-0.49194
1,2.0299
1,0.34955
0,2.1252
0,1.4734
1,1.7003
1,0.28018
1,1.6542
1,2.2847
1,3.0802
0,0.21989
0,-1.0028
1,1.0081
0,-0.26927
0,-0.226
0,-0.08151
0,0.028963
0,-0.34446
1,2.0789
0,-0.64378
0,-0.16215
1,2.1228
0,-0.57554
1,2.5729
0,-0.6273
1,0.87327
0,-1.0258
1,2.6314
1,1.1502
1,1.632
0,1.0736
1,0.86965
1,0.28792
0,1.2611
1,1.4261
0,-1.2063
1,2.8823
1,2.0631
1,-0.19065
0,-0.2516
1,2.0406
1,0.94565
0,0.13538
1,2.021
1,0.80085
0,-0.5067
1,1.3102
1,0.5575
0,-0.57806
0,-0.30272
1,2.0468
0,-0.98653
0,-0.14426
0,-0.81515
1,2.4233
0,1.0406
0,0.21865
1,0.89568
0,-0.61311
1,1.6716
0,-0.33946
0,-1.3466
1,-0.051774
1,2.8368
0,0.59099
1,0.80395
0,-0.20886
1,0.39135
0,-0.90147
1,1.1927
0,0.16536
1,0.71527
0,-0.028619
0,0.98543
0,-0.773
0,0.15639
0,-1.0473
1,1.4747
0,0.54015
1,1.2011
1,1.23
1,-0.048154
0,0.11141
0,-0.035732
0,-0.4419
1,1.9465
0,-0.74388
1,1.5511
1,1.2797
0,0.82872
1,0.90723
0,-0.07746
0,0.33647
0,-0.66581
0,-0.073292
1,0.049982
0,0.91161
0,-2.8835
1,2.9485
0,0.71237
1,1.7363
1,0.084916
1,0.30045
1,1.3619
1,0.85159
1,3.1975
0,0.19328
1,2.3869
1,1.8527
1,1.0459
0,1.4224
0,-0.9067
0,-0.69283
0,0.86887
0,0.46618
0,0.79813
0,-0.53284
0,1.0277
1,0.24381
0,-0.12252
0,1.7948
0,1.9804
1,0.27785
0,-0.85543
0,2.6637
0,0.62078
1,1.3461
0,2.527
0,-2.4042
1,3.5333
0,0.23438
0,0.15528
1,-0.97523
1,0.31918
1,0.88029
1,0.98589
0,-0.97895
1,1.2209
1,2.5257
0,-0.10048
1,0.19523
0,-0.14352
0,-0.64589
1,1.7378
0,-0.088331
1,1.8464
1,0.2698
1,1.8022
1,0.52104
1,0.98329
0,-2.4472
1,0.88785
0,0.99033
0,2.4244
1,1.1735
1,1.1298
0,0.52492
1,0.41705
0,1.3716
1,1.5774
0,-0.17973
0,-2.3466
0,-0.4277
0,-1.6075
0,-0.75334
1,2.8083
0,-1.0992
1,0.78877
0,0.85275
0,0.87099
0,-1.443
0,-0.21229
1,1.1654
0,2.0155
0,0.27845
0,0.47641
0,1.407
1,0.10388
0,-0.21791
1,2.1899
1,2.3435
0,0.015156
1,1.4806
1,-0.39071
1,-0.23562
1,0.96953
0,0.016652
0,-1.4969
1,1.2206
0,0.016494
0,0.88126
0,-0.32001
1,1.0144
0,0.5581
1,2.625
1,1.3501
0,-1.4067
0,-0.11712
0,-0.9119
0,-1.2782
0,-0.41152
1,-0.63842
1,-0.15387
0,0.41797
0,0.81108
1,-0.1432
1,0.52207
1,0.91735
1,0.88839
1,1.7932
1,2.9133
0,-0.28333
0,-1.2734
1,0.78575
0,-1.1228
1,1.1946
1,0.22005
1,0.55383
0,0.076474
1,1.3483
0,-1.0093
0,-0.32114
0,0.088838
0,0.66473
0,-0.43693
1,1.3162
1,2.2197
1,1.7404
0,-0.29628
1,0.69875
0,-0.54566
0,-0.74566
0,0.78432
1,0.37711
0,0.73046
0,-0.10436
1,2.0736
1,1.4608
0,-0.34142
0,-1.3669
1,2.6616
0,-0.93242
0,-0.024487
1,0.15011
1,2.4173
1,1.1319
1,2.4183
0,-0.061199
0,0.01708
0,0.49179
0,-1.202
1,2.1381
0,0.020438
0,-2.3709
1,1.48
1,3.4084
1,-0.29654
0,0.70319
0,0.9672
0,-1.2826
0,0.42982
1,1.1539
0,-0.6836
0,0.55112
0,0.30648
1,1.5555
1,1.8022
1,2.2017
1,2.3115
0,-0.050288
1,1.4695
1,2.0396
0,0.012389
0,-1.3438
1,2.0201
1,1.019
0,-0.6336
0,-0.17127
0,-1.5355
0,-0.688
0,1.3615
0,0.075215
1,1.1522
0,0.11849
0,0.066021
1,1.5759
0,-0.63648
1,1.0774
0,-0.24098
1,1.4165
0,0.17552
0,0.0025445
1,1.6989
0,-0.37605
0,0.83402
0,0.46241
1,3.5982
0,-1.2172
1,2.1382
0,-0.9352
0,0.44498
1,1.8415
0,0.3033
1,0.66264
1,0.77037
1,1.3469
1,2.0288
1,0.6879
0,-0.34848
0,1.3279
0,1.521
0,-1.1219
0,1.1798
0,-1.4154
0,0.80672
0,-0.50947
0,1.1283
0,-1.6397
0,-0.74644
1,1.5006
0,1.3292
1,0.84794
1,0.74604
0,1.02
1,0.84583
0,0.56584
1,1.257
1,1.3671
0,1.3912
1,1.1027
1,1.5687
0,2.0736
1,0.79862
1,1.8875
0,-1.0834
0,0.080084
1,0.32455
1,1.2754
0,0.61712
0,-1.9137
1,0.96874
0,-0.2161
0,-2.8673
1,0.36553
1,1.0858
0,-0.37614
0,2.0653
1,-0.099106
0,1.4207
1,0.80013
1,1.6988
1,1.1076
1,2.6273
1,1.9971
1,1.4893
0,-0.51171
0,-0.10907
1,2.738
1,-0.43996
1,1.3152
0,-0.9524
0,-1.1773
1,-0.13548
0,-2.4949
0,-0.83889
0,-0.40101
1,1.7358
0,0.5143
0,2.1829
1,1.7169
1,0.98161
0,0.51337
0,1.095
1,2.0119
0,0.49196
0,1.4837
0,-1.3638
1,2.2231
1,1.9272
0,-1.7107
0,-1.164
1,3.5272
0,-0.7551
1,1.4303
1,2.3359
1,0.91942
0,0.13879
0,0.89273
0,1.6167
0,0.072019
1,-0.83784
0,0.71676
1,1.9341
0,-1.7699
0,0.92909
0,0.53265
0,0.52119
0,1.9323
1,2.281
0,0.2712
1,1.1688
1,1.2522
0,-1.738
1,-0.57495
0,0.85707
1,0.77367
0,1.9808
0,-0.23277
1,2.4248
1,0.87015
1,0.0093566
1,1.8449
0,0.78619
0,-1.9185
1,-0.19955
1,0.30711
1,1.2474
0,-0.023708
0,-0.21847
0,-0.74361
1,0.20434
1,2.4061
1,1.3095
0,-0.51427
0,1.7129
1,1.7887
0,1.0023
0,1.5807
0,-0.5147
1,2.0553
1,2.2303
1,0.38789
1,1.7566
0,-0.94754
1,-0.21251
0,-0.48489
1,3.1427
1,1.189
1,1.7216
1,-1.5798
1,0.99272
0,-0.97508
0,-0.52299
0,0.18146
0,0.029403
1,1.6063
0,0.77421
1,1.7831
0,1.3613
0,0.43882
1,1.2925
0,-0.59103
0,-0.79832
1,0.85768
1,-0.052553
0,0.030569
0,-0.48361
1,-0.25839
1,1.3315
1,1.9718
1,1.2558
0,0.64699
1,0.47439
1,1.3807
0,1.7152
0,-1.1465
1,1.0132
1,-1.2811
0,1.09
0,1.1546
0,0.19959
0,0.92781
1,0.55981
0,-0.55386
1,2.2214
0,-1.5484
0,-0.38649
1,2.7298
1,2.2583
1,1.8263
0,-0.22201
1,1.4048
0,1.9319
1,1.7286
0,-1.13
1,2.2056
0,0.17547
0,-0.84198
0,0.40507
0,0.49242
0,1.7257
1,1.383
0,-0.26192
0,-0.35461
1,1.1894
1,1.0032
0,0.99514
1,1.0763
0,1.6558
1,1.8382
1,1.012
1,1.6251
0,0.89447
1,1.21
1,0.25817
1,1.2529
1,2.1761
0,0.8248
1,2.9208
1,1.6008
1,0.7628
0,1.2266
1,1.8406
1,-0.021451
0,-1.7405
1,1.0592
1,1.1028
0,-1.6092
1,1.2742
0,-1.1212
0,-0.56033
0,0.091639
0,-2.8646
1,0.76966
1,0.6268
0,0.92393
0,-1.2184
0,0.661
1,-0.034682
0,-1.046
1,2.7984
1,1.1985
1,2.5752
0,-0.057864
1,1.3262
0,-0.00054071
1,2.0262
0,-1.5671
1,1.6763
0,-0.21927
1,2.9629
1,1.7722
0,-1.5037
0,1.1491
1,1.9058
0,0.37394
0,0.92533
0,-0.74962
1,1.42
0,0.52486
1,1.1175
0,1.9661
1,2.7092
1,1.497
0,0.2079
1,2.6015
1,2.8798
1,-0.25941
0,0.77464
1,1.2686
1,0.79239
1,3.4816
0,0.90457
0,-0.38632
0,1.5092
0,-0.020993
1,2.0288
0,1.6615
0,2.2419
1,1.9276
1,2.1015
1,-0.13556
1,3.638
1,2.9074
0,0.86695
1,2.7612
0,-0.47765
0,-0.2942
1,-0.18262
1,0.70752
0,0.093678
0,0.63001
1,2.769
0,0.87432
0,0.6234
0,0.16078
0,-0.88054
0,-0.99923
1,1.6607
0,-0.16112
1,0.99603
1,1.6729
1,1.2498
1,1.0074
0,1.3792
0,1.2047
1,2.0638
0,-0.58572
1,3.5709
1,0.91078
1,-0.25071
1,1.7813
1,3.6508
0,-1.3269
0,-0.45459
1,0.062745
0,0.99257
0,0.95519
0,-1.4709
1,3.0933
0,-0.31986
0,-0.26911
0,0.35292
1,1.4898
0,0.46796
1,1.9542
0,-1.0624
0,1.7589
1,-0.086053
1,2.3289
1,3.1284
0,-1
0,-0.42276
0,-0.844
0,-1.3105
0,1.2147
0,-1.197
1,1.108
0,1.869
0,-0.75836
0,1.1745
0,-1.9906
1,1.7527
0,-0.9894
1,1.5333
0,0.042195
1,2.8244
1,2.1469
1,1.7536
1,2.2884
1,0.88696
1,0.93101
0,-1.0258
0,0.61163
1,1.4942
0,-3.4116
1,0.59987
1,1.1272
1,1.0489
0,-0.62189
0,-1.954
0,0.090134
0,-0.50518
0,-1.1789
0,-1.0535
1,2.7979
0,0.59488
1,2.1846
0,-0.44946
0,0.10741
1,0.80653
0,-0.06232
1,2.3771
0,-0.7904
1,1.4769
0,0.39966
0,-1.5322
1,2.062
0,-0.058573
0,0.9064
1,1.3726
0,-0.10123
0,-0.88882
0,-0.33428
1,1.5125
1,0.42353
1,0.6451
0,-0.99717
0,-1.4612
1,2.0548
0,0.43285
1,1.6601
0,-0.033762
0,1.9719
0,-1.9877
1,0.53569
0,0.015361
1,1.7232
1,2.7553
1,1.5093
1,3.6949
0,0.98907
0,-3.2813
1,0.67703
1,2.2221
1,1.1735
0,-1.975
0,-0.91621
0,-0.3408
1,1.5578
1,1.5104
0,0.39736
0,-0.13675
1,2.3485
0,0.25389
1,2.0878
0,1.0513
1,2.5975
0,-0.86158
1,2.3523
0,1.4776
0,-0.86612
1,1.0351
1,2.2961
0,-0.40368
0,0.24486
1,1.9953
1,1.4397
1,2.3822
0,1.3726
0,1.3499
0,-0.28235
1,1.8499
1,2.0819
1,1.4635
0,-0.2613
1,3.1827
1,1.2962
1,0.3651
0,0.11051
1,0.37502
1,2.6037
1,2.2381
1,0.90514
1,0.26524
0,0.28589
1,2.1493
1,1.4011
1,1.6278
1,1.2118
0,-0.78228
1,1.4884
1,1.0228
0,-0.46256
1,1.4917
1,2.58
0,-0.035579
0,-1.7305
0,0.43927
1,1.7043
1,0.97926
0,-0.44056
1,1.3868
0,1.8804
0,-0.75521
1,0.47253
1,1.9622
1,2.5954
0,1.7296
1,0.88227
0,-0.79069
1,-0.4182
0,-0.087978
0,-0.31239
0,-0.40797
0,0.56467
1,2.6119
1,1.1534
1,1.9043
0,-2.1643
1,0.94871
0,-0.014722
0,-1.2428
1,2.4961
0,2.7691
1,0.50272
1,1.4585
1,0.88381
0,0.16954
0,-0.96321
1,1.1813
1,1.6622
1,1.2409
1,2.5918
0,-0.67719
1,1.4675
0,0.2078
0,-0.64809
1,1.326
0,-2.2538
0,-1.6619
1,1.8632
0,-1.3276
0,-0.29177
0,-0.68101
1,1.0013
0,-1.7211
1,0.97016
0,0.23195
1,0.32617
1,0.50986
0,0.44642
1,0.82511
1,0.785
1,2.6714
1,0.0056656
1,2.0491
1,0.80195
1,3.5368
1,1.8476
0,-3.114
1,1.4296
0,-0.52671
0,-0.39878
0,0.40677
0,-0.24463
1,1.1382
0,-0.40849
0,0.164
1,1.5594
0,0.73225
0,-0.59394
1,2.8608
1,0.6064
0,1.1895
1,0.21222
1,1.5434
1,1.5738
0,0.33912
0,-0.30587
1,2.8679
1,-0.63691
0,-1.2466
0,-1.6299
0,0.50947
1,1.1661
1,0.055252
1,1.8032
0,0.96225
0,-0.42988
1,2.2713
0,-0.41175
1,2.4156
1,2.4088
1,0.068577
0,0.27302
0,0.62364
0,1.4707
0,-0.4106
0,-0.5907
1,2.1361
0,2.3477
0,0.81517
0,-0.61967
0,-1.075
0,0.14894
1,0.38804
1,1.5835
1,0.17107
0,0.30345
1,-0.17501
0,1.2904
1,0.95553
1,3.5368
0,2.9719
0,-0.65299
1,1.5121
1,1.5914
1,-0.30479
0,0.44923
1,0.91362
1,2.5473
0,2.3108
1,2.9317
0,0.77464
1,1.7369
0,-0.28499
0,0.20134
0,0.68598
0,1.4529
0,-0.26342
0,0.27752
1,2.7287
0,0.24708
1,0.78008
1,1.2606
0,-0.21034
0,0.27569
0,0.88422
0,-0.14007
1,3.1205
0,-0.11216
0,-2.11
1,1.5735
0,1.609
0,1.3
1,2.235
1,0.66368
1,1.3076
1,0.73836
0,1.0474
1,2.6984
0,0.73976
1,3.0335
0,-1.5136
1,1.2895
0,-0.43887
0,-1.4395
1,1.3927
1,1.6317
0,-1.0492
0,0.39652
1,1.2767
1,0.694
0,0.44202
0,0.70135
1,4.4458
0,0.11071
0,0.31249
1,2.2789
1,-0.2673
0,-0.69266
0,2.7167
1,1.3274
0,-1.4278
1,0.98788
0,0.54525
0,0.67942
1,2.4526
1,1.1832
0,0.81653
1,2.5209
1,0.92163
1,-0.26283
1,0.0049028
1,1.8079
1,1.4387
0,-0.90685
0,1.5533
1,3.3788
0,-0.44114
0,-0.39933
0,-0.16571
0,-0.065501
0,-0.24006
0,-1.0491
0,-2.3873
0,-0.19959
0,-0.06352
1,0.29213
0,0.16117
1,-0.066294
0,0.67646
0,1.0274
0,-1.2925
0,-1.3524
1,2.8522
0,1.0607
1,1.2031
1,2.7406
1,1.1987
1,-0.51382
1,0.90671
0,-2.0505
0,1.3827
1,2.0073
0,-0.30354
0,0.94188
0,-0.3193
0,0.24992
0,0.87966
1,1.3636
0,0.68426
1,2.2664
0,-1.3636
0,-0.20969
1,3.8538
1,0.84259
0,-1.545
0,-0.64899
1,2.2122
0,0.29326
0,-0.47302
1,1.0749
0,1.8381
0,-0.094625
0,-0.62558
0,-0.99448
0,0.58604
0,0.95511
1,2.6883
1,2.3006
1,-0.28321
1,0.67689
0,0.95238
1,0.29027
1,2.4289
1,1.7657
0,1.1892
1,5.739
1,2.0098
0,0.58732
1,3.0604
0,-0.05586
1,1.9307
0,-0.28706
0,-0.59931
1,2.0233
0,0.077798
0,0.93715
1,1.6556
1,1.0534
0,-0.63477
1,2.8101
1,0.28569
1,0.32553
0,0.044176
1,1.7658
0,-1.2586
1,1.8072
0,-0.95444
0,1.4309
1,2.1643
1,2.6419
0,-1.6839
0,0.16509
1,2.3648
1,1.8723
0,0.52927
0,-0.13374
1,1.6769
0,1.6479
0,-0.69043
1,0.45821
1,2.1595
1,0.22111
1,2.6963
1,2.2137
1,1.3855
1,1.8416
1,0.42294
0,0.014893
0,1.0699
1,0.8354
1,1.0004
0,1.6592
1,0.89885
1,1.2622
1,1.9541
1,-0.16627
0,0.51645
1,1.6537
0,-0.73621
0,-0.9545
1,3.0573
0,-1.2188
1,2.1727
1,1.4439
0,1.0294
1,0.80744
1,1.4509
0,-1.8299
0,0.34246
1,0.32841
1,1.7078
1,2.0245
1,0.88802
1,1.4821
1,-0.70419
1,1.5108
0,-2.516
0,-0.061119
1,0.44452
0,0.51404
1,1.2625
1,1.4644
0,0.77452
1,0.25146
0,-1.3004
0,-1.2768
1,1.7065
1,0.12822
0,-0.17873
0,0.87633
0,0.73725
0,0.043926
0,0.64074
0,0.53399
1,2.1175
0,1.289
1,1.3527
0,-0.15111
0,0.35707
0,1.7041
0,1.9914
1,1.8027
1,0.50937
1,2.5989
1,2.4332
1,-0.51497
1,1.8058
1,1.3228
0,-0.42727
0,0.46135
0,-0.12382
0,-0.78242
1,0.47271
1,0.29006
0,1.0683
0,-0.371
0,-1.6391
1,-0.11105
1,0.96726
1,0.96836
0,0.15825
0,-1.0089
1,0.78893
0,0.86787
1,3.4693
0,1.0902
1,0.54126
0,-0.028963
0,-0.51878
1,3.37
1,1.0135
1,1.027
0,0.37052
0,0.24442
0,0.41495
0,0.59333
0,-0.3967
0,-0.42733
0,-0.73808
0,-0.84601
0,-0.18671
0,-1.0044
0,-0.017171
1,-0.031945
1,-0.18523
0,0.5569
1,0.26825
0,-0.80718
1,1.0368
0,-0.78985
1,0.026216
0,1.0149
0,-0.74768
1,3.8196
1,3.6281
1,2.1542
1,1.6826
0,-0.28111
1,-0.278
0,2.0624
0,-0.34012
1,0.72819
1,1.6639
0,1.0601
0,0.47252
1,-0.49421
1,1.4576
0,0.57361
0,-1.3185
1,2.6059
0,0.086225
1,1.6621
0,2.166
1,1.4476
0,-0.85432
0,0.4786
1,2.092
1,1.5546
1,2.3494
0,0.76609
0,1.3249
1,2.2377
0,1.0737
1,2.8387
0,1.2908
0,-1.613
0,0.0010496
0,1.3494
1,1.1814
1,0.9921
0,-0.77229
1,2.8996
0,-0.86737
0,-0.3683
1,1.9262
1,1.6398
0,0.37696
0,-0.63694
1,1.048
0,1.8714
1,1.1629
0,-0.11231
1,0.76522
0,0.085581
0,-0.17572
0,-0.7946
0,-0.10875
1,3.9337
1,-0.04145
0,-0.40126
0,-0.085284
1,0.65576
0,0.030121
1,1.2321
0,-0.80765
1,2.9391
0,2.0635
0,0.92448
0,0.47225
0,0.46537
1,-0.051133
1,1.7905
1,1.5241
0,-2.0352
1,2.9324
1,0.56191
1,1.3941
0,-1.3176
0,-0.15102
1,0.49812
0,0.28235
1,2.2609
1,1.3741
0,1.0388
0,-0.38822
0,2.0574
1,1.4111
1,1.5969
1,0.63665
0,1.0002
0,2.4723
1,-0.57369
1,1.3722
0,-0.50003
1,0.81967
0,1.7676
0,-1.8653
1,0.087304
0,1.336
0,-0.87005
0,0.46976
1,2.8714
1,3.2484
1,1.8207
0,-1.2683
0,0.62556
1,0.45434
0,-1.6139
0,1.4902
0,0.55687
0,0.20831
0,0.95699
0,-0.21473
0,-1.3728
1,1.0116
0,0.54369
1,2.1293
0,0.97898
1,1.5558
0,-0.30687
1,0.20395
0,-1.268
1,2.432
0,-2.3348
1,0.27832
1,1.9447
1,3.2446
0,-2.7188
0,0.55155
0,-0.55891
0,0.30226
1,0.13605
0,-1.1025
1,1.4876
0,-0.92821
1,1.1326
1,1.5397
1,1.7488
0,2.0218
0,0.010326
0,-0.77314
1,0.63988
0,-0.74176
0,-0.097024
0,0.36897
1,0.58675
1,1.0954
1,2.0304
0,0.73228
0,-0.35248
1,1.6192
1,3.2316
1,1.5012
0,1.1914
0,0.19366
1,0.55184
0,-0.91099
1,1.7179
0,0.7458
1,1.2893
0,-1.6029
1,2.3462
1,0.92972
1,1.2602
1,1.8475
0,-0.8878
0,0.92204
0,0.9702
1,0.09401
1,1.3418
1,0.31971
1,1.709
0,0.31396
0,0.64319
0,0.32133
0,1.0456
1,1.7971
0,-0.015001
1,1.6653
0,-0.83488
1,1.1952
1,1.4276
0,-1.0105
0,-0.59743
0,-0.78684
1,1.5542
0,0.80088
1,-0.62586
0,-0.39372
0,-0.7268
1,2.0821
1,0.3303
1,1.8475
0,0.12246
1,2.3098
0,-1.6508
0,0.46051
1,2.683
0,0.49872
1,1.0928
1,3.0979
0,1.4541
1,0.23311
1,0.20207
0,-0.019753
1,4.4899
0,-0.21555
1,1.6264
1,0.91045
0,0.22479
0,0.61825
1,-0.18363
0,0.85707
1,2.3115
1,0.44817
0,-0.3921
0,-0.61649
0,-0.76351
1,3.0054
1,2.0022
0,-0.86999
1,1.9655
1,2.6627
0,-0.95929
1,1.5765
1,1.9139
1,0.018455
0,1.0176
0,0.50962
0,0.5037
1,3.1578
0,0.12341
1,1.8946
1,2.2542
0,0.7874
0,0.23639
0,-0.047392
0,0.81484
0,1.8458
1,2.4873
1,1.8016
1,2.0913
0,0.56131
0,0.020958
0,-0.41921
0,0.63763
1,1.3428
1,1.486
1,2.7897
0,0.45739
1,2.0086
0,-0.45895
1,1.5321
1,1.7503
0,-0.057399
1,2.494
0,-1.0105
0,-1.2196
1,-0.10473
1,2.0421
1,2.3308
0,-0.082761
0,-0.093474
1,0.59544
0,0.10395
1,2.0254
0,-1.6505
1,2.5313
0,0.72242
1,2.3626
1,1.9174
1,-0.76018
0,-0.22544
1,2.9494
1,0.48545
0,0.41996
1,3.6044
0,-0.047012
0,0.51886
0,1.4103
0,-1.8648
1,2.3331
0,1.2892
0,-0.62474
1,1.2945
1,1.4745
0,1.7972
0,-0.81607
1,0.75562
1,1.0813
1,1.1999
0,-0.8799
0,0.67663
0,0.5431
0,-0.96035
0,-0.011264
0,0.99184
0,0.47541
0,2.0326
1,1.098
0,0.15451
0,-0.50458
1,2.0817
1,2.0711
0,1.5741
0,0.76786
0,0.046019
1,1.108
1,2.8291
1,2.8482
1,2.3759
1,1.7765
1,1.4825
0,0.29197
1,-0.21177
1,2.0788
1,2.1807
0,0.13062
0,0.030505
1,2.451
1,1.5338
1,2.4778
1,2.6463
1,3.1147
0,0.75911
1,2.971
0,-1.2886
0,-0.10743
0,-2.205
1,1.4115
0,1.3781
0,0.80532
1,2.0004
1,-0.16459
1,2.1937
1,0.65167
1,1.661
1,1.9258
1,1.2627
0,-0.32928
0,1.3631
0,0.17116
0,-0.46952
1,0.1046
1,0.78226
0,-0.21457
0,-0.066795
1,-0.19089
0,-0.99091
1,0.94547
1,2.7831
1,1.5637
1,0.81632
1,1.6765
0,2.2275
0,-1.652
0,-0.84154
1,1.5557
1,2.4253
1,1.9389
0,-2.2794
1,-0.71083
0,0.76652
1,1.5579
1,1.3787
0,2.5564
1,2.4574
0,0.98883
1,2.0211
1,0.10926
1,2.7698
1,2.827
1,1.1328
1,1.7507
1,1.884
0,0.27763
0,0.6304
0,-0.18353
0,0.15663
0,0.61458
0,0.081521
1,1.348
0,2.0242
1,0.89613
1,2.5917
1,1.7505
1,1.4261
0,-0.7221
1,3.1998
0,0.33387
1,0.63801
0,1.5212
1,1.8524
0,0.88738
0,-0.50305
0,-0.13801
1,3.4587
1,-0.3856
1,2.0574
0,1.6128
1,1.6076
1,1.9146
0,0.056991
1,2.1085
0,-0.10812
1,1.8851
0,0.069344
0,0.10053
1,1.3165
0,0.49503
1,2.6517
0,-0.011624
0,1.2031
0,0.21641
0,1.8123
1,1.5352
0,-1.6052
0,0.1233
0,0.75927
1,-0.85326
0,0.66282
0,-1.8546
1,1.8372
0,-1.2346
1,2.7932
1,2.4534
1,-0.28514
1,0.65415
0,-0.23642
0,0.31596
0,1.0881
1,0.61806
1,1.5675
1,0.59317
0,0.37088
0,1.5928
0,-1.2107
0,0.48141
0,-0.11767
1,2.4842
1,1.5321
0,0.15675
1,1.3226
0,0.34756
1,0.19675
1,0.038566
0,-0.89393
0,-0.50774
0,0.067008
1,2.5434
1,-0.31742
1,1.4657
1,1.2888
0,-0.65106
0,0.9313
0,-0.34862
1,1.5542
0,0.84536
1,0.96887
0,-1.8958
1,3.8344
0,0.78062
1,-0.1193
0,-0.080291
0,-0.1377
1,1.025
1,0.98689
1,0.44498
1,0.71957
0,0.87074
1,1.428
1,0.64303
1,1.0549
0,-0.10844
1,3.6324
1,0.93217
0,-0.38739
0,0.26959
1,2.8829
0,-1.1933
0,-0.17904
0,0.831
0,-0.74462
0,0.2591
1,2.2299
0,-0.29062
0,-0.20836
1,2.1081
0,0.040067
1,3.0635
1,1.3344
1,2.2551
0,1.1322
1,0.77334
1,3.0729
1,1.5873
0,0.45657
0,0.42487
0,0.88471
1,-0.86267
1,1.8403
1,1.2915
1,0.53904
1,2.0997
0,-0.70971
1,2.4204
1,1.3027
0,-0.98419
0,-1.2527
0,0.20301
1,2.0481
1,1.1929
0,-0.48474
0,-0.49412
1,1.9572
0,0.61302
1,1.3132
0,0.063462
0,1.5699
0,-0.79649
1,1.1276
1,0.82939
1,2.2887
1,0.61794
1,0.61596
1,2.1
1,1.4535
1,1.2401
0,-0.14726
1,2.1734
0,0.63722
0,0.29159
1,1.4617
0,-0.20699
0,0.7811
0,-0.62764
0,-0.10788
1,0.7376
1,1.9777
0,-1.2197
1,1.2324
0,-1.852
0,-0.34696
1,1.5755
1,1.6492
0,-1.3973
1,2.2761
0,-0.21662
0,-0.62081
1,0.59274
0,1.1784
0,-0.29475
0,0.11127
0,0.29374
0,-0.91813
0,-0.69173
0,-1.717
1,-0.12814
0,-0.30457
0,-1.4862
0,-0.68849
0,0.54136
0,0.67521
0,-0.020039
1,1.5509
1,2.2712
0,-1.2018
1,0.87093
0,-0.76086
1,0.26952
0,-2.4918
0,-0.41847
0,0.59104
0,-0.84896
0,0.4122
0,0.77254
1,3.0463
1,1.3947
0,-0.823
1,2.6417
1,2.2548
1,0.23795
0,0.56773
0,-0.0412
0,-0.42148
0,-0.99893
0,2.114
1,5.4435
0,1.0807
0,-1.6554
0,-0.33607
1,0.7206
0,0.26202
1,2.2965
0,1.4505
0,0.010012
0,0.94164
1,0.43619
0,0.45258
0,1.5672
0,0.26171
1,1.619
0,-1.4836
0,-0.94799
0,-0.23027
0,0.31746
1,1.6646
1,1.7548
1,2.2961
0,0.031743
1,2.2652
1,0.24222
1,-1.2711
1,0.34654
0,0.079209
1,0.22118
0,-0.57595
0,0.9848
1,2.3472
1,1.1163
1,-0.11932
1,-0.063618
0,0.028241
0,-1.2351
1,1.8049
1,0.33554
1,0.93908
0,-0.32024
0,-0.54215
1,1.0908
1,3.0715
1,1.3959
0,-1.691
1,-1.1649
1,1.7992
0,-0.11799
1,3.8318
0,0.6262
0,-0.8446
0,-0.56576
0,0.038042
0,-0.84363
1,0.082284
0,-1.8244
1,1.1463
1,1.3855
0,-0.17694
1,0.087065
0,-1.0597
1,1.283
1,1.9746
1,0.69783
0,0.46782
0,-1.9523
0,0.052974
0,-0.24025
1,2.1687
0,-0.76872
1,1.9609
0,2.9269
0,-0.28871
0,1.6308
0,0.32605
0,-0.16778
1,2.271
1,2.303
1,2.3919
1,1.8135
1,0.96885
0,-1.8092
0,1.031
1,1.45
1,3.4637
0,-0.28991
0,-0.84141
1,1.2231
1,0.35909
1,2.8995
1,2.3792
0,-0.63101
0,-1.4345
1,-0.11403
1,1.7326
0,-0.57799
0,0.93383
0,1.352
1,2.0667
0,-0.21664
0,-1.9004
0,-0.20617
1,0.26369
1,2.2477
1,1.6588
1,3.4434
0,-0.60769
1,1.0304
1,0.50051
1,2.1983
1,3.8231
1,0.80398
0,0.17437
1,1.1338
0,-0.42824
1,3.2352
1,1.4294
0,-0.19799
0,0.97335
1,1.3323
1,3.3266
0,0.22658
0,0.59152
0,-0.77214
1,0.53075
0,-0.26582
0,0.53958
0,1.1052
1,1.4534
1,2.3825
1,0.30996
1,0.69355
0,0.60983
0,0.082347
0,-0.14757
1,-0.64703
0,0.14163
1,1.8656
0,-1.7474
0,-0.12064
0,-1.2738
0,0.76147
1,1.2114
0,0.101
0,-0.20029
1,0.13576
1,2.9068
0,-0.12165
1,0.46506
1,1.7055
0,-0.24419
1,3.5748
1,1.8894
1,2.7205
1,1.6395
0,0.13334
1,2.7424
0,-0.85267
0,1.0247
0,1.8434
0,-1.7449
1,1.598
1,1.4732
0,2.9084
1,-1.4505
1,0.74046
1,1.7354
0,-0.13295
1,2.3349
1,2.9834
0,-1.6916
1,0.40686
0,2.0835
0,0.91664
0,1.2176
1,-0.0092949
1,2.6928
0,-0.44571
1,1.7871
1,1.7207
1,1.3805
0,-0.75347
0,-0.020164
0,-0.35748
1,1.8738
0,-0.58874
0,1.6008
0,-0.73222
0,0.15315
0,-0.35195
1,1.6882
1,1.3606
1,2.1446
1,3.3855
0,-0.78881
0,0.95998
1,3.078
0,-0.57257
0,0.71384
0,-0.14352
0,-0.17844
1,1.1756
1,1.5189
0,0.20687
0,-0.29077
1,1.2721
0,-0.70576
0,-0.36751
0,0.37066
1,1.4918
0,-1.4156
0,-1.4589
0,-0.12112
1,1.7736
0,-0.74735
0,1.8067
0,-1.3405
1,0.16035
0,0.064464
1,3.0826
0,0.33338
0,1.7849
1,1.5788
0,0.52214
1,2.0596
1,1.5007
1,3.2344
0,0.66241
0,1.3284
0,-1.1478
1,0.22297
1,0.85684
1,1.1418
0,-0.30024
1,2.8295
1,1.1145
1,0.83735
0,-1.1549
1,2.193
0,-0.63527
1,0.66791
1,0.13176
0,-0.56058
1,0.17571
1,1.9297
1,1.345
0,1.0903
1,0.2506
1,0.47151
1,0.55166
0,0.20281
1,-0.19901
0,0.83975
0,-0.76933
1,0.79484
1,1.7966
1,0.19716
0,-1.1989
0,1.2148
0,0.027179
1,0.2504
1,1.1634
1,2.0131
0,0.41829
0,1.8047
0,1.831
1,2.5371
0,-2.7916
1,1.2184
0,0.62452
1,0.19633
1,2.3347
1,-0.071654
0,-0.90391
0,2.3793
1,-0.94488
0,-0.33074
1,2.3878
0,0.29152
1,1.5483
0,-1.988
1,0.76299
0,0.67068
0,1.3755
0,1.6024
1,2.1823
1,-0.25486
0,0.20321
1,1.3816
1,0.89424
1,0.46249
1,-0.17747
1,1.5989
1,3.4309
1,1.8466
1,2.098
1,0.75737
0,-1.3981
0,-1.8178
0,0.15864
1,2.6126
0,0.44672
0,1.1875
0,0.68146
0,0.28762
1,2.5689
1,0.2316
1,2.5343
1,2.0944
1,0.11676
1,1.6738
1,2.2026
1,1.7466
1,2.0964
0,0.95345
0,-1.6646
1,-0.78968
0,1.9458
1,0.95595
0,0.54692
1,-0.18563
0,1.2292
1,3.0792
0,2.0956
1,0.68063
1,1.7414
1,2.7185
1,1.0802
0,0.82752
0,-0.76156
0,-0.23971
1,0.053731
1,1.4645
0,0.21916
1,2.4545
0,0.4789
0,2.1133
0,-0.92884
0,-0.082015
0,0.54935
1,1.8517
0,0.14833
0,-0.24219
1,0.2621
0,-0.38325
0,-1.0333
1,2.4416
0,-0.80809
0,1.4604
1,1.217
1,2.4223
1,2.3203
0,-0.63852
1,1.7821
1,1.6521
1,2.5903
1,2.3705
0,0.24814
0,0.42797
0,-0.0030257
1,1.0731
1,1.0053
1,1.6555
0,1.6535
0,-1.5334
1,1.6305
0,-1.2097
0,-2.0925
0,-0.12718
0,-0.91492
1,0.028481
1,1.9509
1,0.5382
1,1.7345
1,1.5419
1,0.87266
1,1.5978
1,0.22522
1,2.4449
1,0.95412
1,1.8638
0,2.5237
1,2.5804
0,-0.28337
1,1.4783
1,1.7253
0,-1.4671
0,0.21655
1,2.2614
1,2.5664
0,-0.37542
1,0.98325
1,0.3469
1,1.9997
0,0.5537
0,-0.40242
0,1.064
0,-0.18384
1,1.3072
1,1.3872
0,-2.8146
1,2.5966
1,2.1183
0,-1.7679
0,-0.95161
1,3.1837
0,-1.2358
1,1.9383
0,-1.0515
1,2.9617
0,-1.5847
1,0.54823
0,0.18653
1,1.9876
0,-0.8641
0,-0.77344
0,0.54337
0,-0.39268
1,0.83501
0,-0.33772
1,2.9378
1,0.58021
1,0.37482
0,-1.4569
0,-1.4998
0,-0.23864
0,-1.0143
1,0.90131
0,-1.0958
0,0.028097
1,2.3425
0,-0.87811
0,-1.6514
0,1.3838
0,0.065997
0,0.24425
1,2.5472
0,-0.78319
1,0.98447
1,2.1989
0,0.17448
1,-0.43397
1,1.7013
0,0.15828
0,1.2691
0,0.72303
1,0.39124
0,-1.3757
1,2.4602
0,-0.55159
1,1.2762
0,0.27504
0,1.9808
1,3.4322
0,1.3202
0,-0.18549
0,-0.43481
1,2.6077
0,0.73818
1,0.55998
1,-0.015507
0,-0.19823
1,2.232
1,0.88144
0,-2.6321
1,2.4388
1,2.4017
0,-1.044
0,-2.5368
1,1.4293
0,0.067479
0,0.57902
0,-0.49428
0,-0.90456
0,0.50146
0,-0.40905
0,-2.8116
0,1.4804
1,0.91787
1,2.5175
0,-1.5655
1,1.3444
0,0.1985
1,2.0927
0,0.5571
0,1.9441
1,-0.31364
1,0.90576
0,-1.2106
1,0.78821
0,1.1627
1,1.117
1,0.3558
1,3.443
1,-0.18571
1,2.4581
0,-0.30346
1,1.1949
0,-0.71108
0,0.11684
0,1.5255
1,2.5705
0,-0.72459
0,-0.075182
1,1.2542
1,0.97226
0,-0.93438
1,2.7621
0,-1.4767
1,2.3171
1,0.97351
1,3.5164
1,2.364
0,-0.4347
0,0.33415
1,2.341
0,-0.0040553
1,1.5231
0,-0.046581
0,-0.23056
1,2.5714
0,0.091685
1,1.9625
0,0.91471
0,1.36
0,-0.028519
1,2.6936
0,-0.046591
1,1.162
0,-0.32984
1,1.7755
0,0.40337
1,1.5778
0,-0.36281
1,1.825
1,1.3583
0,0.54199
1,2.3918
0,-0.34609
1,1.479
1,1.2246
1,2.1285
0,-0.50004
0,-0.49097
1,2.5116
1,0.71678
1,1.1172
0,-0.92057
0,-0.13809
0,0.90783
0,0.63867
1,-0.071234
0,-0.26591
1,1.9078
1,3.3533
0,0.91011
0,-1.3622
0,-0.3616
0,1.5999
0,-1.6322
0,-0.49343
1,2.2166
1,1.0872
0,0.79522
0,0.86717
1,1.1074
1,2.2942
1,1.5321
0,-1.031
1,0.98136
1,-0.36701
0,0.91073
0,0.28885
0,1.1807
1,0.1839
1,1.4639
0,-0.13699
0,-0.81442
0,-0.53904
0,-0.40585
1,0.32554
0,0.66698
0,-0.52571
0,-1.4066
0,1.4522
0,-0.67578
0,-0.23171
0,-0.77759
0,-0.56865
0,-0.89284
0,1.0273
1,2.0823
1,1.2007
1,1.466
1,0.69413
1,2.671
1,1.8127
0,0.55402
1,1.8418
0,-2.1901
0,0.96367
0,0.37771
0,0.77294
1,2.7703
0,-0.81722
1,1.455
1,2.3732
0,1.6057
0,0.51557
0,-0.14097
1,1.3236
1,1.3735
0,-0.055738
0,-0.1904
1,0.98776
1,0.69223
0,0.0045492
1,2.0569
1,1.7269
1,1.5003
1,1.4845
1,0.57462
1,1.0452
0,0.1375
0,-0.43405
0,0.8401
1,0.82923
0,2.898
0,0.89585
1,2.7298
1,2.281
0,-0.0042832
1,1.9043
1,0.53222
1,1.9471
0,-1.4427
0,0.14909
0,-0.35481
1,3.7715
0,0.00070538
0,1.0957
0,0.41142
1,0.94891
1,2.1929
1,1.8253
1,0.7238
1,0.90795
0,-0.62575
0,-0.53056
1,1.9971
0,-0.19986
0,0.19162
0,0.30625
1,0.47206
0,0.75491
0,-0.65815
0,0.16751
1,2.299
1,1.7278
1,0.77
1,2.6321
0,0.75443
0,-1.5705
1,1.1366
0,0.45368
0,-0.86593
0,0.30303
1,3.5845
1,2.614
0,-1.5288
0,1.3066
1,1.7055
0,0.1026
0,-0.37001
0,0.29075
1,1.6608
0,0.81474
1,1.6232
0,1.4086
0,0.97751
0,-0.2213
1,2.4286
0,0.74051
0,1.2387
1,0.67211
0,0.12303
1,-0.62308
0,-1.7431
1,0.5762
0,1.7027
1,2.1744
1,3.5877
0,0.67633
1,2.7481
0,0.10436
1,0.34168
0,0.012846
0,-0.55834
1,2.1445
1,1.5756
1,1.2636
1,1.5746
1,2.8026
1,0.69525
1,2.2517
0,-1.0695
1,3.3901
0,-0.65103
1,0.24661
1,2.22
0,0.61089
0,0.65169
1,0.71112
0,1.1425
1,2.6035
1,0.17228
0,-1.7323
1,0.036742
1,2.1351
0,-0.10041
0,1.1782
0,-0.73072
0,-0.18336
0,-0.9771
1,2.4076
1,1.5494
1,0.25975
0,0.15647
1,1.0804
0,0.8181
1,1.9168
1,-0.42521
0,0.52112
1,0.70472
1,-0.85229
1,0.89238
0,-0.81706
0,-1.4825
0,-0.84766
0,-1.3471
1,1.2639
0,0.19185
0,-0.89666
1,-0.12563
0,-0.49851
1,3.4445
1,0.51379
0,-0.57273
0,0.14333
1,2.8551
1,2.059
0,0.79021
0,1.7112
0,1.1636
1,2.7326
1,1.5063
0,-0.1856
0,0.76289
0,-0.60161
1,0.92285
1,2.5103
0,0.7071
0,-0.92178
0,0.72049
0,0.88035
0,0.87503
1,0.83738
0,-0.83995
0,0.1914
0,0.65637
1,0.20828
0,-0.18938
0,-1.3635
1,1.607
0,1.5969
0,-0.97287
0,0.46701
1,1.19
0,-0.12415
0,0.99372
1,1.6498
0,-1.0487
1,1.2783
0,1.0051
0,0.70722
0,-1.3737
1,3.3852
0,-0.82711
1,1.6574
1,0.7015
0,1.0052
0,-0.64031
0,-0.042269
1,1.2834
1,1.9569
0,-0.064944
1,-0.5475
0,0.61583
0,-0.54328
0,-0.45903
1,1.6362
1,0.38552
1,0.61562
1,0.71392
0,0.10737
1,0.57309
1,0.88484
1,1.8009
1,1.7584
0,0.88697
1,2.5028
1,1.622
0,-0.60382
0,-1.2893
1,0.70291
1,2.2998
0,-0.39493
0,-1.4486
1,1.5063
0,1.0087
0,-1.2043
0,-0.38397
1,1.3902
0,-0.49662
1,1.312
1,1.1623
0,-0.45699
0,0.58234
0,-0.51814
1,1.9117
1,1.3085
1,3.8856
1,2.7762
0,-1.9446
0,-2.0606
1,0.94071
0,0.98733
0,0.070614
1,0.57957
0,0.71315
0,-1.1175
0,0.76378
1,1.1085
1,0.77361
0,0.013373
1,-0.18708
1,2.4922
1,2.842
1,0.34931
1,2.5012
1,0.45795
0,-0.87019
0,2.1859
0,0.50473
0,0.37614
1,2.0491
1,0.97992
1,1.5786
1,1.6268
1,-0.029225
1,1.0323
1,2.3403
1,0.98109
0,-0.15178
0,1.4335
1,2.6274
1,0.20654
1,0.88872
1,0.3724
1,1.2701
0,-0.11914
0,-1.729
1,1.1757
1,2.2566
1,-0.22499
0,-0.46878
1,0.31009
1,1.908
0,-1.724
1,2.8672
0,-0.87922
0,-0.42451
1,3.2851
1,0.70494
1,2.682
1,0.8565
1,1.3609
0,1.1003
0,0.35423
1,0.83432
0,0.42568
0,-1.233
1,1.3103
0,0.23485
0,1.4009
0,0.38022
0,0.5686
0,-0.65927
1,0.28328
0,2.7363
1,1.3452
1,1.3724
1,3.0537
1,2.9432
0,0.76141
1,2.7369
0,0.29393
0,-1.1505
1,2.7242
0,1.5462
1,1.4658
1,1.2541
1,1.9161
0,1.4701
1,1.5068
1,0.69248
1,-0.61251
0,1.1817
0,-0.26997
0,0.11215
1,1.6332
1,0.037727
1,1.3772
1,1.1749
1,0.62584
0,0.63616
1,2.5218
1,2.7643
1,0.78711
0,-0.42403
1,2.0601
0,0.47141
0,-0.30901
0,-0.46647
1,1.4048
0,0.91904
1,2.1867
1,1.1374
1,2.7615
1,2.8171
0,0.16257
1,1.0844
0,1.475
0,0.273
0,-0.082435
0,0.31806
1,0.95861
0,-1.3123
0,-0.82166
0,0.16401
0,-1.7875
1,0.67005
1,2.2751
0,-1.0334
1,1.5287
0,1.8299
1,1.9015
0,-1.4337
0,-0.79634
1,1.5325
1,2.5691
0,-1.0479
1,1.2348
0,-0.31185
0,1.1215
0,0.9796
1,3.0114
0,-0.46663
0,0.97479
0,-0.6485
1,0.51153
1,0.86561
0,-1.1773
1,0.56315
1,1.7416
1,1.6668
1,1.085
0,0.35715
1,1.3389
1,0.022291
0,0.443
0,0.69536
0,3.1351
1,2.4597
1,1.6967
0,0.35936
1,0.57082
0,-2.0015
0,1.1063
1,1.7295
1,3.3711
1,2.0256
1,0.95367
0,-0.23797
0,-0.30742
1,1.9771
0,-1.3138
0,1.035
1,2.7286
1,1.024
0,0.41046
0,0.47539
1,1.7522
0,1.8896
1,3.0116
1,0.22828
0,-0.6855
1,1.0597
0,-0.078666
0,1.5749
0,1.3952
0,0.40014
0,2.5051
0,-0.032331
0,-0.45151
1,2.6471
0,-0.48185
1,0.49184
0,-0.17959
0,-1.3556
0,0.54746
1,1.1952
0,-0.067261
1,1.4307
0,-0.38763
0,-0.20438
0,-0.88826
0,-1.0017
1,1.4322
1,1.764
1,0.68636
0,-0.26795
0,2.083
1,0.67547
0,0.1342
0,-0.023338
1,0.84984
1,2.7033
0,0.93384
0,0.45864
1,2.2235
1,3.9072
1,0.62456
1,0.98918
1,3.8933
0,-0.073977
0,-0.011833
1,1.7341
0,1.5781
1,0.23403
0,-0.2001
0,0.25255
1,2.2889
0,-0.86889
1,1.457
0,1.0618
0,0.67823
0,-1.1409
1,2.5632
0,-0.12328
0,0.31251
0,1.1206
1,1.5086
0,0.24767
1,1.0017
1,0.53628
1,3.3867
1,3.2335
0,-0.96275
0,-1.0486
1,0.40321
1,2.6248
1,1.1967
1,3.6895
1,1.2464
0,-0.97065
1,1.3889
0,1.1979
0,0.91638
0,0.70427
1,0.8528
0,1.0031
0,-0.96103
0,-0.15712
0,0.429
0,-0.15231
1,1.822
0,0.76702
0,-1.2702
0,2.1037
0,0.083217
1,1.2955
0,-1.0932
1,0.96344
1,2.9566
0,-0.19234
1,3.5931
1,2.5514
0,-0.62809
0,1.1922
1,1.117
0,1.061
0,-1.0954
0,-1.5337
1,2.4918
1,2.5341
0,-0.57153
0,1.0648
0,-0.31071
0,-1.4646
0,-0.44511
0,-2.5142
1,2.5634
1,3.1035
0,1.0144
0,-1.8829
1,2.9075
0,0.21028
0,-0.40629
1,2.3508
1,-0.021823
0,-0.88648
1,1.6441
0,-1.3161
0,-0.75771
1,1.037
0,0.59684
0,0.28084
1,0.39524
0,-0.51919
0,0.62629
0,-2.1134
1,1.6235
1,1.4457
0,-0.38987
0,0.10184
1,0.47219
1,1.3341
1,1.5304
1,1.2205
1,1.7076
1,0.28821
0,-0.29729
0,-0.22019
0,1.0822
0,0.3517
0,-0.27844
0,1.3004
0,0.12553
1,2.0002
1,3.5416
0,0.84253
1,-0.49584
1,0.24198
1,2.2136
1,3.1794
0,1.0429
1,0.84423
1,0.31428
1,1.4504
1,0.71428
1,2.3983
1,0.7044
1,1.308
1,0.89475
1,2.0062
0,-0.34732
1,1.6847
1,2.353
1,2.0126
1,2.1887
0,-0.40141
1,-0.10229
1,1.2547
0,-0.89214
1,1.9297
0,-3.2446
1,0.29395
0,-0.93964
1,0.030651
1,0.1147
0,-1.6838
1,2.8011
1,0.94959
1,2.4398
0,-1.1097
0,0.51645
0,-0.67726
1,2.7178
0,1.0988
0,1.4001
1,1.498
1,2.3008
1,3.0725
1,-0.82895
1,1.5431
1,1.5847
1,-0.12712
1,0.86039
0,-2.9735
1,1.615
1,2.1005
0,0.53233
1,0.87669
1,1.7599
1,2.4353
1,1.0873
1,1.5924
0,1.1452
1,1.1554
0,-0.36782
1,1.5525
1,-0.35596
0,0.5949
0,-1.0739
0,0.37989
0,-0.34813
1,3.036
0,1.3287
1,3.2347
1,1.5171
1,2.9372
1,1.6716
1,2.0657
1,1.7237
1,2.9118
0,0.73603
1,2.2711
1,1.4416
1,1.427
1,1.112
0,1.1722
1,2.38
0,-0.48599
0,-1.5124
1,2.7644
1,2.1081
1,2.4159
1,2.3501
1,1.23
0,-0.54896
1,0.68571
1,1.2378
0,-0.081421
0,1.2798
0,-0.15251
0,-0.18717
0,-1.2129
0,1.5517
1,0.38757
0,1.5732
0,0.44429
0,1.195
1,1.3613
0,0.59945
1,3.2284
0,-0.66278
1,2.2501
0,1.7864
0,0.51658
1,1.9757
0,-0.9878
1,1.3522
1,1.5491
1,1.8613
1,0.7821
1,1.6564
1,1.4214
0,-0.93002
0,0.46352
0,1.6536
0,0.39951
0,-0.0037608
0,-0.18364
1,0.41783
1,0.91736
0,-1.7465
0,0.48212
0,-0.24276
1,2.6981
1,0.73427
0,-1.7638
1,1.0962
0,1.0428
0,0.15438
0,-0.90462
0,1.2164
0,-0.55275
0,0.45337
1,-2.0954
1,1.886
1,1.46
0,1.8086
1,1.1109
0,0.87401
1,0.7119
1,1.8375
1,-0.23971
1,0.17037
0,2.0743
0,0.94944
1,1.5647
1,1.9719
1,2.0539
1,3.0283
0,0.40408
1,1.0322
1,0.56758
0,-2.075
1,0.39778
0,1.1714
1,2.0594
1,-0.46859
1,3.0316
1,0.43086
0,0.15944
0,0.60152
0,0.11481
1,1.194
0,-1.6616
1,0.86055
1,3.0476
1,2.6379
0,-0.13704
1,0.82441
1,1.0629
0,0.1449
1,1.9867
0,0.95044
1,0.92856
0,-0.84176
0,-0.41916
1,0.63913
0,-0.23248
0,-0.34231
0,0.15526
1,2.9396
1,-0.22501
0,1.182
1,0.427
0,-0.94162
1,2.1622
1,3.3624
0,-1.9168
1,0.29978
1,2.2571
0,0.77738
1,1.6201
1,0.72633
0,-0.84792
0,0.73229
0,1.7494
0,0.16056
1,1.5733
0,1.3328
0,-0.37651
1,1.1608
0,1.434
1,3.257
0,0.46326
1,0.97601
0,-0.62899
0,-1.8819
1,2.4923
1,0.6404
1,2.3731
1,2.3807
0,-0.74326
1,2.4442
1,3.4479
1,0.93538
0,-1.6773
0,-0.39114
0,0.59426
1,1.908
1,1.4532
1,3.3095
1,1.2011
1,1.4466
1,2.6724
0,0.0056198
1,-0.27111
1,0.82488
0,0.12497
0,-0.42636
1,1.3602
0,-0.32133
0,0.34455
0,-0.50892
1,2.9159
1,-0.16326
1,1.4048
1,1.381
0,0.24681
0,1.457
1,1.2679
0,-1.1859
0,0.34079
1,3.027
0,-1.6459
0,-1.2883
1,1.6099
0,-0.27289
0,0.99319
1,2.3698
0,0.26071
1,1.4773
0,0.52633
1,2.3726
0,-0.31278
1,2.7513
1,1.265
0,0.33615
1,3.0199
1,0.89237
0,0.2026
0,-0.11411
1,2.4526
1,0.24719
0,1.011
0,-0.12484
1,0.58037
1,3.0179
1,1.7588
0,0.37174
0,0.85412
1,1.424
1,1.9913
0,-0.73547
0,0.087314
1,2.4759
1,3.3644
0,0.69748
1,1.6863
0,0.17771
0,0.91477
0,0.5857
0,1.4987
0,-1.5852
1,1.9736
1,1.0082
1,2.3892
1,1.757
1,1.5275
0,-0.2985
0,-0.60498
1,3.2187
0,0.33832
0,0.56941
1,0.39859
0,0.17218
0,2.7007
1,-0.17368
1,2.2457
0,-0.77777
0,1.0896
1,2.1214
1,1.5823
1,2.3424
0,-1.8451
1,0.98606
1,1.1992
0,0.31776
0,0.038243
1,0.67583
0,-0.053984
0,-0.7898
1,1.8329
0,1.4257
1,1.299
1,1.519
0,-1.703
1,1.0141
1,-0.99994
1,0.80281
1,2.3539
0,0.26539
1,1.7802
1,1.9162
0,-0.89436
1,2.3687
0,0.97969
1,0.72464
1,0.28335
1,1.4008
1,1.1605
1,-0.40149
0,0.85269
0,-0.51838
0,-0.042226
1,2.4698
1,2.176
1,0.61728
0,0.47942
0,0.052581
0,-1.3337
1,1.9868
1,1.5536
0,-1.0793
0,0.16193
1,2.8331
1,1.3607
1,0.67964
0,0.30438
1,1.4817
0,-0.46687
0,2.5253
1,1.8086
1,1.6635
0,-3.0285
0,-0.25844
1,0.83809
0,1.6883
0,0.96467
0,-1.1886
1,2.5302
0,0.49994
0,-0.34836
1,2.0192
1,2.0207
1,2.0702
0,0.33689
1,0.73161
1,1.517
0,0.61622
0,-0.91292
0,0.1325
0,0.41259
1,2.3393
0,-1.4155
1,0.53613
1,-0.52975
0,0.86843
1,1.1499
0,-0.98092
1,2.1455
0,1.439
1,1.0822
1,0.60038
0,1.1073
1,1.1676
0,-2.1295
1,1.6876
1,2.7996
1,1.2252
0,-0.26151
0,-0.53255
1,0.6537
0,-0.61589
1,1.0949
0,0.10139
0,0.091809
1,1.5348
0,0.55408
0,-0.85018
1,1.0542
0,-1.3762
0,-0.48467
1,0.61988
0,-0.047899
0,-0.81058
0,0.8289
0,0.20396
1,3.1723
1,0.93238
0,-0.01562
1,0.57309
1,1.3867
1,-0.39656
1,0.66342
0,1.6713
0,-1.1936
0,0.18444
0,-0.39567
1,2.3426
0,-0.30204
0,0.4246
0,-1.8837
1,2.2551
1,1.7997
1,2.573
0,0.53099
1,1.2598
0,-0.6128
1,1.7512
0,-1.2175
1,1.9081
0,-0.12588
0,-0.14013
0,-0.074807
0,-0.54366
0,-0.7943
0,-1.2367
1,1.0131
0,-0.47387
0,0.38287
0,-0.42168
0,0.28672
0,1.879
1,2.5008
0,1.3382
1,-1.0226
0,1.0918
0,-0.56653
0,-0.015731
0,-0.54728
0,1.6057
1,3.181
0,-0.95993
1,2.4427
0,0.12733
0,0.36884
1,0.61148
1,2.1867
1,2.7107
1,1.019
1,2.3869
0,0.57492
1,2.3316
0,1.4793
1,1.0288
1,2.8738
0,-0.070682
1,1.0689
1,2.2652
1,0.37131
0,-1.9461
0,2.6886
0,0.2239
0,-0.01447
0,0.12698
1,0.37124
1,1.8851
1,3.0153
1,-1.1242
1,-0.92991
1,1.1927
1,3.0957
1,1.076
0,0.49415
1,2.7522
1,0.42318
1,2.2588
1,1.2744
1,3.1374
0,0.59737
0,-0.12111
1,3.2214
1,0.5336
1,0.42591
1,1.394
1,1.3247
1,0.21263
1,2.0811
0,0.27983
0,-0.20026
0,-0.45175
1,1.7299
0,-0.00093533
0,-0.11771
1,1.9555
0,-0.47039
0,1.4127
0,0.26409
0,-0.97141
1,0.97191
1,3.7425
0,-1.1839
1,3.485
0,0.61731
0,0.037765
1,2.327
0,-0.11379
0,-1.1561
0,-0.18439
0,2.5054
1,3.4104
0,1.345
0,1.2741
1,2.1536
1,0.86149
1,1.7452
0,0.59271
0,1.0761
0,-0.69325
1,1.7147
0,0.042174
0,1.3435
0,-1.8763
1,0.091365
1,2.7962
1,2.1117
1,3.162
0,-0.22168
1,0.93056
1,2.195
0,0.032109
1,1.6768
0,0.22098
1,2.2363
0,0.06779
0,1.8178
0,-0.3184
1,2.7454
1,2.9242
0,-0.057951
0,-0.10521
1,1.3157
0,-0.25695
1,2.6119
0,1.5069
0,1.1621
0,-0.17053
0,1.1252
0,0.12096
1,2.2901
0,0.52975
0,1.6662
1,1.0119
0,-2.7742
0,-0.14724
1,-0.72346
1,0.54676
1,1.5235
0,0.74436
1,-0.21386
0,-0.20862
1,2.7477
1,0.63633
0,1.6442
0,0.45539
1,2.7835
1,0.25083
0,-0.20769
1,0.76581
0,-0.80288
0,-0.12655
0,-0.29398
0,-1.1861
0,0.77457
1,3.0108
1,2.2906
1,1.2461
0,-0.84278
0,0.82476
0,-1.1823
0,1.1953
0,-2.67
0,1.0003
1,2.1472
0,-0.62548
0,1.7095
1,0.79387
0,0.73857
0,-0.58232
1,2.7866
1,1.2566
0,-0.78127
1,0.28594
0,-0.66792
0,-0.3979
0,-1.2172
0,0.13035
0,-1.5536
1,2.7931
0,-1.2537
1,0.37888
1,0.81437
1,2.6951
1,2.2006
1,1.1517
1,2.0388
0,-1.4142
1,3.3632
0,-0.70807
0,1.0184
1,1.284
1,1.5313
0,-1.2487
1,1.7699
0,-0.42284
0,-0.46802
0,1.4643
0,-0.15341
0,0.47539
0,0.31803
0,-0.35882
0,0.92282
0,-0.33882
1,1.4319
0,-1.3273
0,1.326
1,2.2042
0,-0.7608
0,-0.94633
1,1.7975
0,-0.60964
1,0.62527
0,-0.48379
1,0.39708
1,0.89097
0,-0.1447
1,0.58759
0,-0.33994
1,2.3647
0,-0.35052
1,1.4652
0,-1.2773
1,1.0122
0,0.78963
0,0.2607
1,-0.15853
1,2.2565
1,3.2964
0,0.30423
0,-0.5969
0,-0.8652
0,0.13511
0,-1.8914
1,2.223
0,-1.2618
0,-0.61409
1,1.0977
1,1.3872
0,-0.64321
0,1.7268
1,1.8582
1,1.4791
0,-1.2234
1,2.632
0,0.90846
1,1.0329
1,1.8841
0,-1.0449
0,-0.91242
1,2.6959
0,0.80134
0,1.7126
1,2.8179
0,-0.98272
1,0.41178
0,-1.2576
0,-0.40957
0,0.7129
1,1.4818
0,-1.4421
0,-1.0163
1,1.0546
0,-0.056552
1,0.53656
1,0.88582
0,-0.85785
0,-2.2505
1,1.2932
0,0.23941
0,-0.020025
0,1.8899
1,1.2587
1,2.0891
0,-0.23589
1,-0.42655
0,-0.61335
1,2.2597
1,1.4835
0,-0.40322
0,-0.64848
1,1.2831
0,0.61811
1,1.4982
0,-0.74248
0,-0.73962
1,0.87606
1,0.062558
1,1.1383
1,0.73348
0,0.67064
0,-1.2597
1,1.0256
0,0.76903
1,2.0731
1,2.4344
0,0.93888
0,0.47913
1,1.609
1,0.80575
0,-1.4538
0,-0.60448
1,1.4135
0,-0.35044
0,1.4884
0,1.1199
1,2.6429
1,2.9966
1,0.21406
1,1.1094
0,-1.5312
1,1.3646
0,-0.18552
1,1.5132
0,-1.7249
0,-0.0052208
0,-0.1191
1,1.4154
0,1.4313
0,-0.52388
1,3.0821
0,0.36985
1,0.53554
1,1.5027
0,0.059186
1,-0.19164
1,2.5694
1,-0.24588
1,1.4935
0,0.63882
1,-0.62996
1,0.30807
1,1.7566
0,0.92997
1,1.7503
1,-0.25153
0,0.072425
0,0.71334
0,-0.73229
1,0.53752
0,-0.18883
1,1.249
0,0.014044
0,-1.2798
0,0.26912
1,0.53219
1,3.0319
0,-0.15405
0,0.97891
1,0.027969
1,0.89511
0,-0.36436
1,2.3963
1,1.3489
1,1.9849
1,3.0152
1,2.1906
1,0.95708
0,-0.29138
1,1.4516
0,-0.94277
0,0.52591
1,1.2752
0,-0.19298
1,1.3117
1,0.99596
1,2.5399
1,1.5172
1,0.70841
0,1.808
1,3.2681
0,-0.50174
0,0.97582
1,1.1186
1,2.1759
0,0.09647
0,-0.38646
1,2.9229
0,-2.7828
1,-1.1587
1,2.4611
1,0.94115
1,1.1215
0,1.3552
0,1.0624
0,0.54503
1,3.0089
0,1.1556
0,0.31063
1,1.268
0,0.57588
0,-1.8642
0,-0.8285
1,1.644
1,1.4004
0,0.60062
1,0.63716
1,1.265
1,1.0756
0,0.12659
1,-0.70166
1,0.95993
1,0.05323
1,3.7593
0,-0.29736
1,1.2723
0,-1.1366
1,2.4002
1,1.9867
1,1.9038
1,2.0341
1,1.1393
1,1.9754
0,-0.32876
1,2.5691
1,0.6861
0,-1.8967
1,-0.35548
1,1.4121
0,0.51884
0,0.81238
0,0.014399
1,2.142
0,0.99436
1,1.9523
0,-0.85664
1,1.1728
0,-0.23253
0,-0.32236
0,1.7304
1,0.3282
0,-0.72932
0,-0.34955
1,2.5181
0,1.2319
0,1.6456
0,-1.4094
1,0.70414
1,1.4355
0,-0.89837
1,3.0151
0,0.45268
0,1.2478
1,1.0121
1,0.83148
1,1.7761
1,2.5093
1,0.66813
0,-1.1095
0,-1.8614
1,2.5518
0,-0.088319
0,2.03
1,2.1438
1,0.48279
1,2.3455
1,1.9959
1,1.9975
0,0.78658
1,1.4712
0,0.34469
0,1.275
0,2.1375
1,1.5182
0,0.84819
1,0.13687
1,1.9673
0,0.094661
1,2.2962
1,0.59493
1,2.5578
1,0.85546
1,-0.0026293
1,1.0491
0,0.76126
0,-0.10362
1,2.4933
0,-1.0852
1,0.90718
1,1.7979
1,0.79105
0,-0.91609
1,0.84798
0,0.50772
0,1.2986
0,0.6659
0,-0.44543
1,1.778
1,1.5134
1,2.4749
1,1.492
0,-1.8534
0,-1.4848
1,0.6355
0,-0.37782
0,-0.43096
0,1.3768
0,-0.32304
1,3.9263
1,0.56628
0,-0.17173
0,-0.19105
1,3.0231
0,2.7818
0,-0.2037
0,0.86814
0,0.75513
1,0.78413
1,2.6726
1,3.4822
1,0.60033
0,0.54001
0,-0.46632
1,0.71071
0,-0.71898
1,0.26894
0,-0.46575
0,0.08791
1,1.3431
1,0.031481
0,0.81634
0,-0.85562
1,2.3293
0,0.19442
1,2.1304
0,-0.12973
0,1.1713
0,-0.14457
1,1.8515
0,0.9526
0,-0.029015
1,2.3926
0,0.36658
0,-0.742
1,1.8739
1,2.0077
1,1.8022
0,-0.17927
0,0.40678
1,1.7803
1,2.4562
1,1.4306
1,1.1226
0,1.0424
0,0.61629
0,-0.51496
1,3.0221
0,1.1899
1,1.9111
1,1.3357
0,0.41221
0,-1.3647
1,1.0797
1,4.0161
1,1.6254
1,2.101
0,0.19194
0,-1.2254
1,2.2947
1,3.0468
1,0.75382
0,0.81778
1,1.5034
1,0.70123
0,-1.1102
1,-0.047199
1,2.5847
1,-1.0925
0,-1.1679
0,-0.071804
1,2.3105
0,-0.56468
0,-0.82009
1,2.3445
1,-0.25254
0,0.17562
0,0.65931
1,1.5958
1,2.0521
0,0.14663
1,0.53841
1,1.3017
1,0.9186
1,1.4836
0,-0.048814
1,1.9952
1,0.44252
1,1.1565
0,0.88054
1,1.5431
0,-0.11963
1,0.99216
0,-0.34621
0,-0.03791
1,0.97306
1,0.50082
0,1.274
1,1.7402
0,-0.60842
1,1.2666
1,1.1271
1,0.6858
1,0.24508
1,2.0972
0,0.61504
1,0.70193
0,0.58722
0,-0.32743
1,-0.28931
0,0.017588
0,0.80398
0,-0.38162
1,1.8735
1,2.9314
0,0.34892
1,1.2879
0,0.061606
0,0.80965
1,3.3814
0,-1.645
1,0.69469
0,-0.40592
0,1.4142
0,0.40918
1,1.4615
1,1.1638
0,-0.11582
0,2.2263
1,3.1116
1,1.6855
0,0.17042
0,0.65857
1,2.7334
0,0.63248
0,0.951
1,0.55844
0,1.6314
0,-0.20378
0,1.3909
1,1.6909
0,2.6897
0,-0.59037
1,0.67389
1,3.034
1,2.4145
1,3.7812
0,-0.66076
1,1.3502
0,-0.09979
1,2.6955
0,-2.5845
0,1.4312
0,0.71904
1,0.36024
0,-1.2825
1,1.3289
1,0.13232
1,3.1774
0,-0.63202
0,-1.5478
0,-1.0744
0,-0.97037
0,0.33222
1,-0.73933
1,1.678
1,1.8784
0,-0.79148
1,0.93786
0,0.22852
0,0.033891
0,0.37921
1,-0.21532
1,2.9641
1,1.7305
1,4.2036
0,0.38449
0,0.9834
1,3.0016
0,-0.34575
1,-0.93486
1,1.6336
1,2.8961
0,1.5445
0,-0.079603
1,-0.95358
0,0.10298
0,-0.49718
1,2.2447
1,0.89011
0,0.76575
0,1.743
0,-0.33414
0,-0.75721
0,-0.8851
1,1.1395
1,1.9548
1,3.3094
1,1.0783
0,-1.8886
1,-1.0646
1,3.0503
0,-0.054257
0,-0.72255
0,-0.44758
0,-0.42705
1,0.19271
0,1.8181
1,2.0032
1,0.72702
0,-0.47397
1,3.3286
1,1.961
1,1.5271
0,0.95243
0,-0.89434
1,2.2496
1,2.0774
1,1.7894
0,0.66997
1,1.2244
1,0.87499
0,-0.86397
1,1.1631
1,2.0154
1,2.5687
1,1.9946
0,-2.2084
1,1.3375
1,1.619
0,-0.74155
0,0.44046
0,-0.64962
0,-1.1493
0,-0.94496
1,1.7893
0,0.37771
0,-0.35154
1,1.2803
0,-1.1459
0,-0.91019
1,1.2109
0,-1.0749
0,0.833
0,-0.60941
1,1.9893
0,-1.0995
0,1.1678
0,0.49658
1,2.058
0,-0.20434
0,-0.63824
0,-0.95331
0,0.44258
0,-1.2863
1,2.8232
0,1.4344
1,0.88382
0,0.35797
0,0.75627
1,1.9723
1,2.2339
0,-1.8331
0,1.5213
1,1.5353
1,2.564
0,-1.1375
1,2.5118
1,1.7082
1,0.9519
1,3.8924
0,0.33297
0,-0.25215
0,-1.9497
1,-0.06925
1,1.372
0,0.54348
1,0.1642
1,-0.83197
1,1.7357
0,-0.16104
1,2.3695
1,0.73376
0,-1.3356
1,1.281
0,0.081584
1,0.72153
1,0.11997
1,1.2078
1,0.33243
0,0.58238
0,-0.11243
0,0.38685
0,-1.2249
1,0.0043979
1,2.0574
0,-0.70962
0,0.30273
1,2.3803
1,2.0937
1,1.6682
1,0.70441
1,1.9415
1,0.70341
0,0.71564
1,1.3201
0,1.7384
0,0.13461
0,-0.2182
0,2.141
1,1.9321
0,0.17792
1,2.5606
1,2.1809
1,2.467
1,0.42573
0,0.56301
0,1.1454
1,2.7598
1,0.099683
0,0.46268
1,2.9686
0,1.8669
0,0.60324
1,-1.1417
1,-0.73634
0,0.072022
1,0.48975
1,1.1316
0,-0.8865
1,0.60209
0,1.1765
1,3.0441
0,-0.67287
1,1.8798
1,1.1794
0,-0.70437
1,1.0245
0,0.77816
1,0.49694
1,2.6876
1,1.092
1,2.6714
0,1.3821
1,2.4832
1,0.31123
1,2.143
0,-1.0542
0,-1.1776
0,0.71464
1,0.49543
1,0.56504
1,2.0517
0,-0.26591
0,-0.22224
1,2.6273
1,1.7122
1,1.2034
1,1.1421
1,1.8366
1,0.39441
0,0.082694
1,1.1702
1,3.9792
1,1.5201
1,2.2989
0,-0.751
1,1.2136
1,1.2175
0,0.73692
1,0.94208
1,1.2739
0,0.29341
0,-0.67775
1,-0.65745
1,0.54278
0,-0.25071
0,0.50008
0,1.6211
1,-0.34553
1,-0.76746
0,-0.45107
1,-1.3558
1,1.9715
0,-1.5617
1,3.4894
0,0.48376
1,1.223
1,2.0483
1,1.128
0,-0.29074
0,0.60888
1,2.7603
0,1.1599
0,-1.1934
1,2.9814
1,1.2685
0,-1.5306
0,-1.4871
1,0.64131
0,0.94476
1,1.9261
1,1.4151
1,2.6514
1,2.5335
1,1.4546
0,-0.13396
0,-0.15366
1,1.5417
1,2.8098
0,0.61189
0,-0.15289
0,0.075723
1,1.0567
1,1.9263
0,0.75029
1,0.026306
1,1.2805
1,1.8725
1,0.58159
0,0.37873
0,-2.1852
0,0.77145
0,-1.0197
0,-0.89603
1,2.2228
0,0.88394
1,-1.401
0,0.30398
0,0.073921
0,0.69539
0,-0.27531
1,1.2945
1,0.58375
0,-0.43677
0,0.66578
1,0.91683
0,1.0479
0,-0.38644
0,-0.57647
0,-3.3776
1,0.95025
1,1.5274
0,-0.93489
1,1.63
0,-0.014796
0,-0.72221
0,1.7732
1,0.40401
1,0.81004
0,0.5043
1,1.9237
1,1.4977
1,0.51606
0,0.41163
0,-0.16016
0,1.6048
0,-0.75616
0,0.47322
1,3.4937
1,2.2803
1,0.74428
1,2.0877
1,3.2016
1,0.67523
0,-1.0697
1,0.56192
0,0.18209
1,1.7075
1,1.7578
1,0.94762
0,0.79296
1,1.5492
0,1.6196
1,1.6302
1,1.9675
1,-0.30121
0,1.1937
0,0.16834
0,-1.6262
1,-0.013485
1,1.0998
1,2.1187
0,-1.1536
1,2.9191
0,-1.0258
1,0.70196
0,-1.0543
1,1.2331
0,-0.63622
1,1.9458
1,0.17741
1,1.2871
0,0.93829
0,0.27144
1,1.5676
1,3.3428
0,0.85837
0,1.2122
1,1.1262
1,1.9465
0,0.21612
0,0.18342
1,1.9922
0,0.96246
1,1.7323
0,-0.46763
0,0.16811
1,1.3901
0,1.8205
1,0.81289
0,1.0118
0,0.11626
0,2.4393
1,0.76637
1,3.9256
0,-0.20992
1,2.1398
1,2.6255
0,-0.50241
1,0.58109
0,-0.59521
1,1.9287
0,-0.18554
1,1.3276
1,1.4398
1,2.2192
1,0.43922
0,3.3982
0,-0.5345
1,0.35826
1,0.76714
0,-0.90151
1,1.6388
0,-0.99714
1,0.72161
0,0.35864
1,1.7866
1,2.0504
1,3.0034
1,1.1666
0,-0.25998
0,0.18687
1,2.6185
0,1.7918
1,1.4546
1,-0.41096
1,2.7988
0,-0.56373
0,0.27437
1,2.1314
1,1.1289
0,0.73583
0,0.70833
1,0.85968
1,0.37784
1,1.5577
0,-1.1387
0,1.4723
1,2.7341
0,0.44435
0,-1.1914
0,0.66995
0,1.542
1,-0.11116
0,-0.42591
1,0.83063
1,3.4304
1,1.9958
0,-0.242
1,0.14533
0,-1.97
0,-0.60932
0,0.23236
1,2.4291
1,0.53123
0,-1.198
0,-0.82288
0,-1.5008
0,-0.13125
0,0.47861
0,-0.081819
0,0.88421
0,-1.1915
1,1.6745
0,-0.22401
0,-0.89088
1,4.1176
0,0.50034
0,-1.2425
0,-0.51392
1,1.0439
0,1.1061
0,-1.1033
0,-0.47963
1,2.2107
0,0.12458
1,1.7564
1,1.4349
0,1.3481
1,1.3172
0,-0.44453
0,0.061224
1,1.6432
1,1.6347
0,-0.91282
1,2.545
1,1.7248
1,0.71339
0,0.15085
1,2.463
1,0.37889
0,-0.045842
0,2.1592
0,0.21271
0,-0.67517
0,0.20137
0,-1.0492
0,-0.45741
1,0.97217
1,2.2666
0,1.8486
0,-1.2665
0,-0.063798
0,2.3056
1,0.63673
1,2.6642
0,0.57198
1,2.2487
1,0.92493
1,1.3321
1,0.76266
0,-2.4779
0,0.49755
0,-0.87386
1,0.094752
1,0.40679
0,0.87715
1,1.4171
0,-0.056078
0,0.11292
0,0.90235
0,0.22024
1,0.44751
0,0.44928
0,-1.1213
1,1.5524
0,-0.08901
0,-0.23854
1,0.28923
1,1.2194
1,1.5598
0,-0.19373
1,1.271
1,2.7356
1,1.1385
1,2.2118
0,0.66774
1,2.4379
1,0.12129
0,-2.1586
0,1.0527
0,0.374
1,3.4663
1,2.9875
1,1.5437
0,-0.3418
1,1.6457
0,-0.59336
1,1.9841
1,1.5052
1,4.3789
0,-0.7054
0,0.99274
1,2.7384
1,2.7506
0,0.42721
1,2.8481
0,-0.96479
1,0.80172
0,0.016233
1,2.9339
1,0.44098
1,0.88213
1,1.678
0,1.4223
1,0.59307
0,0.84791
0,-0.52967
1,2.2291
1,2.8215
0,0.29031
1,3.3376
0,1.0535
1,1.2032
0,1.0219
1,0.65806
0,0.19207
0,0.44583
0,-2.0257
0,-0.039158
0,1.5596
0,-0.26576
1,1.5223
0,-1.0785
1,1.9172
1,2.5057
0,-0.047395
1,1.5084
1,2.941
1,2.1961
0,-0.32348
1,0.46739
1,0.71901
0,2.1131
1,-0.48312
0,0.5656
1,1.5713
0,-0.74316
0,-0.43603
0,0.16109
0,-1.2086
1,0.39356
1,-0.42975
1,2.5028
1,1.8519
0,-1.5318
0,0.34628
1,2.5813
0,-0.36368
0,1.6895
0,2.0002
1,0.25535
0,-0.65444
1,2.245
0,0.37811
0,1.0846
1,2.3075
0,0.86139
1,1.6335
1,0.017251
1,1.7633
0,1.4168
1,0.68939
1,2.1023
1,2.6309
1,0.0032842
0,-0.1168
0,-0.69042
0,-0.2279
1,2.0433
0,0.43116
0,1.0699
0,0.46834
1,1.5032
1,0.49469
0,-0.26001
0,1.5622
1,0.77373
1,1.083
0,-0.78204
1,2.2181
1,1.5587
0,-0.12275
0,-0.56748
1,2.7082
1,1.7839
1,0.34343
0,0.28281
1,1.9749
1,-0.26903
1,0.99046
1,3.0901
0,-0.72854
1,2.6336
0,0.28455
1,1.8401
0,-0.96904
0,-0.53378
1,0.94936
1,1.7357
1,1.6404
1,1.1068
1,1.3091
1,1.5165
0,0.5208
0,0.56834
1,0.97002
0,0.4954
0,-0.51582
1,3.3556
0,0.71227
0,0.30624
0,-0.54109
0,-0.429
1,1.0703
1,1.1816
1,0.78681
0,-0.3877
0,-0.42893
1,1.8658
1,1.5078
1,-0.3532
0,-1.4044
1,2.1745
0,-0.32427
0,1.7687
0,-0.96198
0,0.72406
1,1.6132
1,1.4122
1,0.85322
0,3.23
1,2.1852
0,1.0281
1,1.7483
0,0.38366
0,-1.7883
0,-0.084029
0,0.77284
1,0.49102
1,0.58012
0,-0.34362
1,0.10593
0,1.215
0,0.95651
1,0.17273
0,-1.3322
1,-0.32212
0,0.46593
1,1.6777
1,1.7484
1,3.4084
1,1.2632
0,0.021626
0,-0.35879
1,2.2912
1,1.8487
1,1.9706
0,-0.099812
0,-1.2838
0,0.66188
1,2.5999
1,1.4654
0,1.3117
1,0.99322
0,2.4838
1,0.92474
1,2.1966
0,0.66619
1,3.001
0,-1.8495
0,0.37179
1,1.9959
0,1.9701
1,1.8832
1,1.9168
0,-0.76819
0,-0.79977
1,1.0993
1,1.0956
1,1.5894
1,1.0786
1,2.483
1,0.16771
0,-1.2017
1,1.2334
1,1.0289
1,2.3486
1,1.3132
1,1.3178
0,-0.3071
0,0.79036
1,0.58052
1,1.1553
0,0.57275
0,0.54675
1,1.5978
1,1.3305
1,3.1256
1,0.52627
1,1.0674
0,-1.8165
1,0.25054
0,0.59444
1,3.3193
0,0.59896
0,-0.33966
1,2.7349
1,2.0235
0,1.8219
1,0.70935
0,-0.22025
1,2.1068
0,-0.65677
0,1.5757
1,1.1579
0,0.29645
1,2.1937
1,-0.23631
0,0.15707
1,1.446
1,2.2788
1,1.9807
1,1.4964
1,1.1452
1,0.75862
1,1.5
1,1.6214
1,3.3647
1,1.0274
0,1.0363
0,1.1018
1,1.6735
1,1.5832
0,0.69118
0,-0.41857
1,2.9451
0,0.64412
1,2.9993
0,-0.87528
0,-0.6314
0,0.10327
0,0.52835
1,1.2796
0,-1.1205
1,2.4691
1,2.1095
0,-0.61876
1,0.13205
1,-0.77731
1,1.2896
1,2.0607
0,0.68302
1,4.2016
1,2.0327
1,2.3777
0,1.1753
0,-0.83703
0,1.8173
0,-2.6308
0,-2.2481
1,1.4229
1,1.8159
1,0.54474
1,0.57398
0,1.0786
1,2.1782
0,-0.93635
0,2.3508
0,1.7865
1,0.71203
1,2.247
1,0.44375
1,1.7761
1,1.6163
0,-0.18231
1,1.712
1,4.0713
1,0.48432
0,-0.68032
1,0.64352
0,0.20891
0,-1.4469
1,3.1209
1,0.77907
0,-0.81332
0,0.029901
1,1.2223
0,-0.3693
0,-0.89642
1,1.3943
0,0.78702
0,0.21607
0,0.54787
0,-0.097895
1,1.8892
0,2.1205
1,1.6384
1,1.6003
0,-0.32026
0,-0.032805
0,0.36894
0,-1.0074
0,2.1093
1,2.1465
1,1.1699
1,-1.0248
0,-0.44118
1,0.90844
1,2.323
0,0.15545
1,2.0962
0,-1.0413
0,-0.59582
0,-1.29
0,-1.5511
1,1.0419
1,1.1023
0,0.18139
0,-0.32164
0,0.89444
0,0.32665
0,0.49865
0,-1.0937
0,-0.5418
1,-0.21827
1,1.9917
0,-0.040086
0,-0.6977
0,-0.39232
1,1.4476
0,-0.198
0,-1.3082
1,0.11182
0,-0.10818
0,-1.2049
1,2.0864
0,-0.1127
0,-1.4311
0,-0.69315
1,0.19721
0,-1.2107
1,3.3223
0,-1.8463
1,1.2908
0,0.72012
0,-0.41137
1,1.2452
1,1.2665
0,-1.0648
1,2.3533
1,0.9712
1,1.5292
0,1.9265
1,2.189
1,2.1497
1,1.2474
1,2.4858
1,1.901
0,-0.43976
1,0.44952
1,1.5539
0,-0.60454
1,0.99607
0,0.83676
1,0.63847
1,0.74893
1,0.75193
0,-0.18449
1,2.3029
0,0.51016
1,2.6498
0,-1.1964
1,1.9193
0,-1.6207
0,0.29017
0,-0.16798
1,2.9304
0,0.8171
0,-1.2263
0,-1.8457
1,-0.088268
1,1.8035
0,0.87205
1,1.8266
1,0.58483
1,1.8607
1,1.0101
1,1.5274
0,-0.49445
1,1.3177
0,0.041702
1,3.5821
1,1.5395
1,0.061585
1,1.7881
1,2.1518
0,-1.1557
0,-0.1698
0,2.9938
0,-0.41378
0,0.082751
0,-1.1079
0,-0.34893
1,0.94968
0,-1.0063
0,-0.18831
1,0.95123
1,0.57874
1,2.9041
1,1.3534
1,1.3558
0,0.48018
0,0.24836
0,-0.43076
1,1.3178
0,0.53746
1,1.6286
0,-0.088529
0,-0.88805
1,0.86557
0,0.84637
0,-1.637
0,1.2042
0,0.98145
1,0.4073
1,0.58929
1,1.3919
1,3.0438
1,2.3737
0,-0.1208
0,-1.8634
1,-0.089762
1,0.75098
0,-0.65922
0,0.47287
0,1.2186
0,-1.3262
0,2.0248
0,0.62423
0,0.5918
0,-1.3009
1,1.2734
1,1.3048
1,2.889
1,1.8438
1,2.5508
0,0.022444
1,2.9086
1,0.033824
1,1.7784
1,0.88055
0,-1.9596
0,-0.35216
0,-0.0027007
1,1.4621
0,-0.25613
0,-1.7071
0,-0.97854
0,0.96695
0,2.3166
0,1.2661
1,0.754
1,0.057345
0,-0.95142
0,-1.1537
0,0.14974
0,-0.35598
0,0.11519
0,-2.8008
0,-0.11751
0,-0.63112
1,2.112
0,-0.087744
0,-2.0699
1,0.9365
0,0.47788
0,0.22321
0,-0.77868
1,2.0123
0,0.2667
1,2.1114
0,0.27978
1,1.0918
1,1.2728
1,1.5143
1,1.5428
0,-0.2679
1,1.9457
0,-0.17732
1,0.32334
0,-0.18404
1,3.1921
0,-1.5457
1,1.6021
0,-0.68023
0,0.82703
0,-0.0099603
0,-0.49424
0,0.8519
1,-0.38135
0,1.4164
1,2.2011
0,-0.90229
0,0.26494
0,0.1428
1,1.8704
1,1.7465
0,1.1073
1,2.3482
0,0.41342
0,0.30851
0,-1.1825
1,1.6262
1,2.7012
0,1.0469
1,0.55516
0,-0.21402
0,-2.1691
0,1.3188
0,1.437
1,1.3264
1,2.8249
0,0.31759
1,1.8784
1,2.4113
0,0.54719
0,0.34853
1,3.07
1,1.429
0,-0.28441
1,2.3061
1,2.8287
1,2.3544
1,0.59848
1,-0.57419
0,0.95164
1,-0.035875
1,2.4305
0,1.3626
0,0.33836
0,0.56469
1,1.9817
1,1.1134
0,-0.48246
0,-0.74616
0,0.15066
1,2.7255
0,1.3025
1,1.3901
0,-3.1564
1,0.82426
1,-0.07718
0,0.48606
0,-0.46607
1,2.2927
0,0.30332
1,1.0395
1,2.4749
0,-0.33076
1,-0.22285
0,-0.85082
0,-0.49809
1,1.0074
0,-0.039877
0,-1.9261
1,1.9939
0,0.78064
0,-0.20878
0,-1.2365
1,0.96236
1,1.1141
0,-0.59537
0,0.14734
0,0.031468
0,2.1222
1,-0.7261
0,-0.91304
1,2.0281
1,2.0277
1,1.4051
0,-0.43312
0,0.9761
0,0.64397
0,-0.39286
0,0.37912
0,-0.28225
0,-0.35023
1,1.4766
0,-0.11129
0,0.91726
1,1.8627
0,-0.11001
0,0.70465
1,1.3335
1,2.0487
0,1.1779
0,0.75672
0,0.81948
1,3.0365
0,0.32805
0,0.19919
1,-0.75602
1,2.9603
1,1.2373
1,1.4692
0,1.1408
1,3.6001
0,0.89164
1,1.8943
1,0.24006
1,3.2475
0,-2.0922
1,0.13957
0,-1.1994
0,-1.2243
0,-0.92559
1,3.2329
0,0.71102
1,0.18894
0,0.46512
1,0.026798
1,1.627
1,1.2356
0,-0.23063
1,0.19262
1,0.835
1,0.95644
0,-0.84934
1,1.0243
0,0.68788
0,1.7976
0,0.88414
0,1.2837
1,-0.15429
1,-0.25905
0,-2.2001
1,1.879
0,0.8222
1,-0.79321
1,1.3609
1,1.3708
1,2.9586
1,3.2333
1,1.7867
0,1.5596
1,2.9334
0,-1.437
0,-0.37696
1,-0.27023
0,-0.61941
0,0.11579
0,-0.67673
1,1.2722
1,2.7914
0,-0.24287
1,0.83716
1,1.8191
1,0.42543
1,1.6765
0,-0.57696
1,1.3479
0,0.40431
1,1.4483
0,-1.7809
1,1.9878
1,1.4304
0,0.55746
1,0.92361
0,-1.7996
1,2.468
0,1.8541
0,0.74012
0,-0.99118
1,1.7603
1,1.238
0,1.3056
0,0.97927
1,2.3338
1,1.9012
0,-0.52482
0,0.27626
0,-0.10368
1,1.8221
0,-0.63474
0,0.91116
0,-1.162
0,0.58802
0,0.81837
1,1.6587
1,1.3042
0,0.8616
0,-0.70958
1,4.2071
1,0.061499
0,-0.19238
1,0.75806
1,0.86453
1,1.0641
1,2.4693
1,2.0524
0,-0.96272
0,-1.2113
1,1.2735
1,1.022
1,0.74052
1,1.1902
1,1.0316
0,2.4029
0,0.08554
1,2.6377
0,0.32158
1,1.5741
0,-1.305
0,0.42363
1,1.6409
1,0.23811
0,0.1171
1,3.4799
1,1.7309
1,1.5884
1,2.3644
1,3.4125
1,1.3803
0,-0.018069
1,1.2177
0,1.8362
0,2.0372
0,-1.3245
0,-1.4578
0,0.18135
0,-1.5556
1,1.55
1,1.9182
1,3.2793
1,-0.37342
0,0.38633
1,2.1704
0,-1.5265
1,2.2056
1,1.85
0,1.0745
0,0.69367
0,-0.94826
1,2.6507
1,1.7677
0,0.35503
1,0.20017
1,3.1324
1,1.6267
1,3.4539
0,1.4132
0,-0.16941
1,3.6916
0,0.51396
0,-1.0781
0,0.010743
0,-0.48432
1,1.0598
0,-0.016508
0,1.0992
0,0.37397
0,-0.41609
0,0.96365
0,-0.85237
0,-0.38993
1,0.14883
1,1.5802
0,0.024009
1,2.2801
1,2.8176
1,1.0571
1,1.0238
0,-1.3976
1,0.96372
1,0.95388
0,-0.21468
0,-0.13223
0,0.71174
1,0.72001
1,2.3083
0,0.22857
1,0.47713
1,1.2683
1,3.3957
1,2.7297
0,-0.017174
0,-0.48789
0,0.22736
1,0.24943
0,-0.87262
1,0.69339
0,-0.22198
0,1.3103
1,3.0848
1,1.9345
0,-0.59359
1,1.8593
1,1.9366
0,-0.0054163
0,-0.16375
1,0.99459
1,3.0927
1,-0.48265
1,1.0502
0,-0.76539
0,1.0459
1,3.0267
0,-0.016117
0,0.85531
0,0.012863
0,0.51905
1,1.4811
1,0.91376
1,0.77471
0,0.34457
1,1.597
0,0.26166
1,1.7873
1,3.4372
1,1.5927
1,1.1628
0,-0.66345
1,0.8014
0,-0.15391
1,0.76193
1,1.2039
0,1.3341
0,0.014579
1,3.6542
1,0.55451
0,-1.339
1,-1.0327
0,-1.6281
0,-0.080037
1,1.4784
1,-0.85861
0,0.051167
0,0.66862
1,1.2187
0,-0.86197
0,-1.0585
0,1.0784
1,1.9845
1,1.5868
0,0.66298
1,-0.05527
0,0.27656
1,2.4542
0,0.25684
0,1.0592
0,-0.031606
1,0.33483
1,2.2756
1,2.6897
0,-0.39177
0,-0.57397
0,2.2458
0,-0.47467
0,-0.08994
1,1.1991
0,-0.095328
1,0.10543
1,1.0606
0,-0.28333
1,2.5687
0,0.87155
0,-0.42552
0,0.62021
1,0.5058
1,1.0581
1,0.88286
1,3.465
1,1.9855
0,0.17606
0,-0.44215
0,0.97997
0,-0.32876
0,0.17887
1,1.787
1,0.30719
1,0.62207
1,2.0391
0,-0.8964
0,0.048263
0,1.6065
1,2.6719
0,0.6097
1,2.0808
0,0.5715
1,0.54034
0,-2.5693
1,0.70617
1,2.7154
1,1.5835
0,0.76013
1,1.9315
0,0.70977
0,1.2381
0,-1.5921
0,-0.24842
1,2.1638
0,-2.1259
1,2.1694
1,-0.72124
1,0.60871
0,0.23382
1,0.96109
0,-1.9735
0,-0.23526
1,0.94998
0,-0.64702
0,0.82275
1,2.6387
1,0.57387
0,0.25177
0,1.0126
0,-1.1666
0,0.52134
0,0.24517
0,0.82987
0,-1.0674
1,2.1764
1,0.71474
0,-0.94024
0,0.91496
0,1.0031
1,1.6143
1,-0.7756
1,2.4656
0,1.1073
0,0.19858
1,0.23322
1,1.5101
1,-0.38466
1,0.56402
1,1.6886
0,-1.4719
1,2.4981
1,2.8051
0,0.88939
1,2.1388
1,2.1907
0,-0.83619
0,0.52624
1,2.2663
1,1.8346
0,1.6357
1,1.8761
0,-0.5896
1,0.11922
0,0.17906
0,0.85047
1,2.0361
1,1.6602
1,2.2655
1,0.96381
1,1.9435
1,0.93877
0,-0.65866
0,1.0156
0,1.2167
1,2.1448
1,0.99539
0,0.21441
0,0.60281
1,2.9661
0,-0.33463
0,1.0971
1,0.4068
1,1.7003
1,2.144
0,1.1393
1,1.4245
1,1.2102
1,3.8992
0,-0.91186
1,1.2723
1,1.7492
0,0.66877
1,0.47847
1,-0.93242
1,0.49087
1,2.5589
0,-0.67627
1,1.707
1,1.4206
0,0.55236
1,1.4743
1,1.296
0,1.7586
0,-0.17035
1,0.21319
0,0.63782
0,-2.0354
0,0.2453
1,2.2752
1,0.80934
1,1.9411
0,0.012185
1,1.0866
1,2.4101
1,2.2198
0,0.12044
1,2.2266
1,3.9143
0,-1.728
1,1.2622
0,-0.33714
0,1.2873
1,-0.24197
1,0.35661
0,0.77378
0,-0.38707
0,-0.30539
1,1.3718
1,0.24943
0,-2.0032
0,-0.41365
0,0.11048
0,-1.7293
1,1.2001
0,-0.67081
1,2.8017
0,-0.75185
1,1.376
1,0.54819
0,-0.46658
1,2.0685
0,-0.86232
0,1.1828
1,0.27624
0,1.5742
1,0.55702
0,-0.077747
1,1.6828
0,-0.54131
0,0.53404
0,-0.54849
0,-0.48162
1,1.0313
1,1.4356
1,-0.45405
1,0.15567
1,1.0874
1,1.1343
1,2.0862
1,2.5636
0,0.32152
1,2.2564
0,-2.0218
0,-1.4924
1,1.6048
0,0.67373
0,0.21644
0,-0.0015128
0,1.5077
1,-0.58982
0,-0.24411
1,1.3297
1,1.1263
0,-0.68816
0,0.67651
0,0.7313
0,-0.8197
1,0.48936
1,3.7884
1,1.9514
1,2.9683
0,-0.48252
1,0.37633
0,-0.91383
0,-0.81779
0,-0.42502
1,1.3152
1,1.7258
1,1.9605
0,0.61928
1,1.7675
0,0.7074
1,1.9279
0,-0.75823
1,2.7117
1,-0.066124
1,2.2231
0,-1.6139
0,0.4773
1,0.53628
1,1.8952
0,0.48325
1,1.0077
0,-0.30741
0,-1.2676
0,0.32733
0,-0.41253
1,1.8352
0,-0.80194
0,-1.5631
0,-1.6217
0,0.54919
1,3.5088
0,-0.34027
1,1.4704
0,-0.49886
1,0.52367
0,0.93989
1,1.2466
0,-0.4935
1,1.5982
0,2.2373
1,-1.4748
1,2.2008
1,0.26063
0,0.097997
1,1.587
0,-0.099488
1,0.82355
0,-1.881
0,-1.3921
1,0.12006
0,0.14302
0,-0.58062
1,1.4819
1,-0.51474
0,-0.023135
1,1.4881
0,0.071359
0,0.21372
0,-0.78574
0,0.10713
0,1.1181
1,1.9627
1,2.3949
1,1.1807
1,0.65455
0,-0.40472
0,0.38289
1,2.1834
0,0.42204
0,0.38201
0,1.6093
1,1.0499
0,1.7484
0,0.26787
0,1.5508
0,-0.93526
0,0.29254
0,-0.10435
0,-0.080061
1,3.2807
1,0.95719
1,-0.44943
0,-1.5594
0,-0.75987
0,0.10956
1,1.2665
0,-0.44208
0,-0.089088
0,1.002
1,1.2689
0,0.80301
0,1.3213
1,-0.54013
0,0.81624
1,1.4654
0,0.87327
1,1.9375
1,1.0775
1,0.87629
1,1.4196
0,-1.1318
1,2.6268
1,0.76507
1,0.9681
1,1.0235
1,3.1156
0,-0.08629
0,-0.80165
0,1.3797
0,-0.92644
0,1.3196
1,0.92071
1,1.222
1,1.6773
1,1.3197
0,-0.28523
1,1.5537
1,2.0438
0,-0.37298
0,-1.3179
1,0.84877
0,-0.41508
1,0.53748
1,1.9591
1,1.9384
0,-0.45629
1,0.67842
1,2.0751
1,1.4248
1,0.7075
0,-0.877
0,0.32449
1,0.86278
1,1.8205
0,1.0639
1,-0.060525
0,0.15263
0,-0.54425
1,0.67347
0,-0.79868
1,1.1162
0,1.8226
1,1.9636
0,2.2783
1,3.0116
1,1.6972
0,-0.50097
0,-0.13317
1,1.8873
0,0.85665
1,1.022
1,1.7691
0,-1.6437
1,1.2668
0,0.61405
0,0.3485
0,0.65485
0,-0.51927
0,-0.20559
1,-0.65596
1,1.0312
1,1.359
1,2.9335
0,-0.49324
0,-1.2681
0,-0.55654
0,-0.028654
1,2.6439
1,1.1348
0,1.1394
1,1.238
1,-0.0098457
1,0.90605
1,2.8232
1,4.3447
1,-0.0017754
0,0.27392
1,2.5271
1,0.77957
0,1.7591
1,1.7708
1,2.4671
0,0.36381
0,0.060874
1,1.6471
1,0.78613
1,0.73369
0,0.69646
1,2.6786
0,-1.6891
1,2.4268
0,-1.3425
1,0.02682
1,1.1722
1,1.4564
1,0.56146
0,0.51895
1,1.7084
0,1.7199
1,1.3297
1,1.4845
0,-0.54513
1,-0.58649
0,0.34804
0,0.45271
0,-0.78056
0,-0.22089
0,2.2429
0,0.45209
1,1.5864
0,-0.016283
0,-1.4791
1,2.5119
1,1.5128
0,0.197
0,-2.416
0,0.71264
0,0.15508
1,1.428
1,2.2249
1,2.7264
0,-0.6559
1,0.7914
1,1.1879
0,0.30131
0,0.60609
0,-1.6136
0,0.32567
1,0.43485
0,0.17803
0,-0.66049
0,0.43825
1,0.66911
0,0.22915
0,0.77143
1,1.6905
1,1.7118
1,1.5337
0,1.7214
1,2.2054
0,0.86234
0,-1.7469
1,1.2888
1,0.75093
0,0.19389
1,0.66795
0,0.12462
0,-1.6824
1,3.6715
1,3.4078
0,-0.9218
0,0.26576
1,1.7756
1,-0.16237
0,-0.52871
1,0.44332
0,0.73447
1,1.0439
0,-0.51872
1,2.4315
0,0.82133
1,2.1843
1,2.848
0,-0.3901
1,1.0016
1,-0.16139
0,0.49759
1,1.4679
1,2.0605
1,1.285
0,-1.3453
1,0.17947
0,-0.78052
1,1.8904
1,-0.31592
1,1.9545
0,-0.44583
1,1.9414
1,1.495
1,2.3474
0,1.9505
0,0.12671
1,1.7436
1,1.9412
1,1.8425
0,-0.95952
1,0.6712
0,1.0085
1,1.936
0,0.11165
0,-1.3201
1,2.4045
0,1.0931
0,0.81862
1,1.1697
1,2.7773
1,0.40353
0,-0.12249
1,1.5738
0,0.31842
1,0.33466
1,-0.39045
0,-0.24535
1,2.1653
1,1.123
0,-0.19513
0,-0.053597
1,2.799
1,1.6015
0,0.38429
0,-0.40958
0,-0.12564
1,2.4261
1,1.5829
0,0.20611
1,1.6703
1,1.0886
1,0.62299
0,-0.078768
1,0.52484
0,0.012242
0,-0.803
1,2.6312
0,0.87605
0,-0.83745
1,1.3298
0,-0.65013
0,-0.34886
1,1.5414
1,1.7068
0,0.68549
0,-0.4524
0,-1.2759
0,0.65382
1,1.6859
1,3.7195
0,-2.3276
0,-0.79668
0,0.41669
0,-0.87643
1,1.9112
0,0.31282
1,2.6498
1,2.2335
0,0.063056
0,0.2022
0,-0.17221
0,0.071891
0,-1.1208
1,1.6856
0,0.84065
0,0.72489
0,0.66874
0,-1.0475
0,-1.3345
1,0.82544
0,-1.3814
0,1.0055
0,-0.43482
1,0.57765
0,-0.14673
0,0.53408
1,0.9044
1,1.4076
0,0.63357
1,0.064287
1,0.77275
1,0.60526
1,1.1545
1,0.14937
1,2.2256
1,2.0707
0,-0.79465
1,2.2307
0,0.87167
1,1.5719
1,2.2889
1,2.0691
0,1.0903
1,2.4401
1,2.9427
1,2.6055
1,1.1762
0,1.873
1,1.5049
0,0.68523
0,-0.37136
1,0.034831
1,1.9688
0,-0.17256
0,-0.52684
0,-0.6944
0,-0.9784
0,-0.46439
1,2.0632
1,1.5452
0,-0.39201
1,0.31774
0,0.14933
1,2.2082
0,0.47791
1,0.55973
0,0.26962
0,-0.11628
0,0.84472
1,1.1419
0,0.9416
1,1.6415
0,-0.14853
0,-0.86501
0,-1.261
0,0.75365
0,-2.6939
1,2.1124
1,-0.25591
1,0.57514
0,0.43968
1,0.034887
0,-0.59058
0,-1.3365
1,2.957
0,1.1922
1,2.0302
1,2.3507
1,0.2441
1,0.9244
1,0.26324
1,2.4493
0,-2.2608
0,1.3718
1,1.7176
1,2.0424
1,0.82397
1,2.9802
1,2.7236
1,2.2346
0,1.6457
0,-0.72842
0,-0.34609
0,-0.58306
1,2.3201
1,1.8226
0,0.1311
0,-1.4295
1,1.226
0,0.59089
1,0.80675
1,1.1856
0,-0.86922
0,0.018779
0,-0.047877
0,-1.4887
1,2.3885
1,2.8493
0,-0.078524
1,1.5707
0,-0.67491
0,0.24776
0,1.4256
0,1.425
1,1.7648
1,-1.0319
0,0.63666
0,-1.1037
1,1.4485
0,2.01
1,3.41
1,-0.19241
0,-0.54858
1,1.1471
1,3.6544
1,1.346
1,1.138
1,1.8688
0,-0.20113
1,1.4344
1,-0.013996
1,1.1586
1,2.5905
1,2.2587
0,1.2672
1,2.2476
0,-0.11758
0,0.17111
1,2.2416
1,0.4266
1,1.0492
1,2.3631
0,-0.40314
1,-0.26577
0,-1.3321
0,-0.81996
0,-0.35286
0,-0.7417
1,3.0669
1,0.97466
0,-2.0308
0,-0.81645
0,0.67138
1,0.50741
0,0.93186
0,0.69181
1,1.3078
1,0.13214
0,0.53683
1,2.2116
1,0.99525
0,1.9741
1,1.4416
0,0.73541
1,2.8192
0,0.24154
0,0.66423
1,1.3157
1,0.49766
1,0.8522
1,1.8116
0,-0.45672
0,-1.6274
0,-0.3164
0,-1.123
1,0.33667
0,-0.85282
1,0.47676
0,0.11747
1,0.9715
0,0.73529
0,-1.9498
0,-0.73221
0,-0.71971
1,0.042868
0,0.94853
0,1.7096
1,0.95877
1,1.3657
0,0.57121
1,2.5054
0,-3.137
1,2.112
0,1.7722
0,-0.9282
0,0.67014
1,1.9555
1,1.8959
1,0.36267
0,0.23757
1,2.6455
1,2.0749
1,-0.25977
0,0.571
0,0.89197
1,3.0254
1,2.7739
0,-0.47107
0,-1.021
1,0.45898
0,0.29089
1,0.52609
1,2.9664
1,1.9873
0,-0.17391
1,1.9988
1,2.4582
0,0.019568
1,1.4428
1,2.5863
0,-0.09239
0,-0.93799
1,0.36338
0,-0.37321
1,1.381
1,2.0941
0,-0.50047
1,0.12887
0,0.32118
0,0.27606
0,-1.5286
0,-0.24493
0,1.0125
1,1.0499
1,0.20985
0,-0.22026
0,-1.6674
0,2.0671
0,0.36141
0,0.29357
1,1.93
1,1.064
0,-0.1994
0,-0.23141
1,0.27827
1,2.4221
0,1.6773
1,1.8178
1,1.4264
1,1.4527
0,0.45834
0,-0.45093
0,-0.97083
0,0.4419
0,0.26212
0,0.54612
1,1.0451
0,0.021639
1,4.0169
1,2.8076
0,1.3109
0,-0.022476
1,1.0937
1,2.0925
1,0.54057
1,1.826
0,0.48721
1,3.1563
0,-0.090983
1,2.2017
0,-2.2561
1,2.1623
1,1.883
0,-1.2929
1,-0.7664
0,0.9339
1,1.9702
0,-0.48455
1,0.66127
0,-1.1535
1,0.86147
1,2.3645
0,-0.19209
0,1.9528
1,0.88881
1,1.461
1,1.3248
1,0.12535
0,-0.021419
1,0.69808
1,0.36847
1,3.4416
0,0.68702
0,-0.94905
1,2.6931
0,1.2717
0,0.44316
0,-0.58929
0,-1.5793
0,-0.24417
1,0.64851
0,-0.97681
0,0.50026
0,-1.0126
0,-0.50549
0,0.6588
1,0.88328
0,-0.65809
0,0.085024
1,2.4493
0,-1.6441
1,1.6965
0,-1.276
0,-0.28485
0,-2.194
1,2.2158
0,0.27032
0,-1.7947
1,2.6608
0,1.163
0,-2.3943
1,2.7848
1,-0.060168
0,0.57467
1,2.2388
1,1.3244
0,0.61164
0,0.06532
0,0.57056
0,0.4919
1,2.0836
1,0.7471
0,-0.020899
0,-0.3844
0,0.060028
1,1.8141
0,-0.019862
0,1.5551
0,-0.18554
1,1.5989
1,0.23513
0,0.48148
1,1.8773
0,0.23766
1,2.1902
0,-2.1127
0,-1.1968
1,2.0476
0,0.10423
0,0.93675
1,3.7064
1,1.7236
0,1.2717
0,0.77438
0,0.51187
1,-0.77623
0,0.69804
1,0.99183
0,-2.7447
0,-0.51128
0,1.3941
1,3.1611
0,-0.31972
1,4.1244
1,1.0883
0,-0.76018
1,1.1202
1,2.1085
1,2.5317
1,3.1446
0,0.48887
1,1.9954
0,0.4524
1,2.0426
1,2.7331
1,0.42948
1,1.8427
1,0.8678
0,2.3703
0,1.6054
1,2.0096
1,1.7507
1,3.0695
1,0.48507
1,3.0262
0,-1.7422
0,1.9655
0,0.53217
1,1.4469
1,1.5818
1,0.80093
1,0.78696
0,-0.32521
1,2.8646
1,2.6139
1,0.83557
0,0.2658
0,0.26993
1,0.70733
0,-1.2759
0,1.1792
0,-2.1544
1,1.0331
1,1.6751
0,-1.2596
0,1.5481
1,1.3936
1,1.445
1,1.4295
1,0.19003
1,1.354
0,0.072048
0,2.2251
1,1.719
0,0.28158
0,-0.37316
0,0.81827
0,-0.65328
1,2.0049
0,-0.037878
0,-1.9757
1,1.1549
1,0.86387
1,0.96404
1,1.875
1,2.0527
0,-0.19378
1,-0.53532
0,1.0875
0,-0.76117
0,-0.21506
1,0.1042
1,0.83652
1,0.80194
1,1.2352
1,0.77863
1,3.0657
1,2.386
1,1.4732
0,-0.66846
0,-0.7783
0,1.5497
0,0.30678
0,0.10685
0,0.46477
0,-1.2859
0,0.047036
1,2.4053
1,0.5207
0,0.32923
0,0.62216
1,1.9267
1,3.4846
1,-0.87971
0,-0.32933
0,0.069054
1,1.5039
0,-0.68096
1,-0.26519
0,-1.8489
0,-1.0662
0,0.4084
1,1.2235
0,0.71975
1,0.82087
0,0.36873
0,0.78936
1,2.6279
0,1.9512
1,0.6775
0,0.21631
0,-0.0036866
0,0.013296
1,1.9762
0,0.16489
0,-0.98371
0,-0.98422
1,1.6918
1,0.27047
1,1.1792
1,1.3926
1,1.8723
0,0.79893
1,2.1713
1,1.7199
1,2.2546
0,0.55305
1,1.4145
1,1.0228
0,-0.55903
0,-0.11
0,-0.16459
0,-0.96651
1,1.6136
1,1.5256
0,1.1626
0,1.1556
0,-0.70055
0,-0.59218
0,0.61334
0,-0.48564
1,0.31218
0,1.3505
0,-1.1239
0,0.88561
0,-0.78933
0,-1.6753
0,0.65281
0,-0.95528
0,2.2128
0,-0.24813
0,1.8306
1,1.6866
0,-0.21895
0,1.6318
0,-0.22497
1,1.041
0,-0.62213
0,-1.719
1,2.5473
0,0.38231
0,0.66557
1,1.2731
1,0.47648
0,0.29061
1,1.1809
1,3.2379
1,0.93075
0,0.7156
0,0.49229
0,0.51511
0,-1.1711
0,0.47266
0,0.33882
0,0.68974
0,1.0747
1,2.6176
0,-0.94281
1,0.076921
1,2.9651
1,0.78023
1,1.5581
0,-2.0603
1,3.804
1,2.4685
1,0.74083
0,0.38951
0,0.27578
0,-0.034803
1,1.2034
0,0.95567
1,2.4229
0,0.24726
1,1.2092
1,-0.1933
1,1.6505
0,0.20236
1,0.46003
0,-0.33768
1,3.6619
0,0.31064
1,1.9298
0,0.48066
1,1.9967
0,0.54086
0,-0.040798
1,2.4572
0,-0.80768
0,-0.86561
1,2.7274
0,0.12196
0,0.55465
1,0.7791
1,0.91828
0,0.1769
0,-1.1471
0,0.46084
0,1.492
1,0.47418
0,-0.45085
0,-0.10899
0,0.3263
0,1.839
1,0.76647
0,-0.79213
0,-1.1492
1,1.3967
0,0.96409
1,1.5574
1,0.43035
0,-1.8682
0,-0.061242
0,-1.4321
1,1.3703
1,1.3245
0,1.9576
1,1.7119
1,2.6465
1,2.0561
1,2.6835
1,1.6658
1,0.4568
0,-1.8132
1,1.4404
1,1.0427
1,4.0981
1,1.0049
1,1.4188
0,0.99661
0,-0.21257
0,1.4382
0,1.0359
0,0.87704
1,0.29252
0,-0.18157
1,1.9047
1,-0.41672
0,-0.63731
1,2.5258
1,1.1262
0,-1.428
1,0.7221
1,-0.11395
1,1.4506
0,-1.53
0,-0.57438
0,-0.83576
0,-0.40776
0,0.13602
0,1.4989
1,1.4139
1,0.11952
1,1.1271
1,0.58121
0,0.86531
1,1.7296
0,0.39989
0,-0.31875
0,-0.19267
1,0.67154
1,1.865
0,-0.43698
1,1.4154
0,-1.1337
1,2.5828
1,4.5325
0,0.39394
0,-0.35827
1,2.0104
0,0.40225
0,1.7096
0,-1.437
1,1.5915
0,-0.78092
1,0.80433
1,2.1671
0,0.42228
1,4.2724
0,0.96588
0,-1.2659
0,0.45476
0,-0.74553
1,1.6892
0,-1.6738
0,-1.593
1,1.4499
0,1.4228
0,-0.80179
1,0.90409
1,-0.31627
1,2.5632
0,0.82674
1,0.78263
1,-0.17855
1,0.50166
1,2.9314
1,0.36932
1,0.49879
0,-0.58972
0,-0.65409
0,-0.52703
1,1.4086
0,-0.019774
1,1.8187
1,0.6081
0,-0.50904
0,-0.52005
1,1.3201
1,3.0618
0,1.1816
0,-0.46022
0,-0.17735
1,1.026
1,0.41078
0,1.2684
0,0.10317
1,2.6963
1,1.7606
0,0.83408
1,0.38519
0,-0.48362
1,1.7306
0,0.72158
1,3.3932
1,0.75697
1,-0.201
0,0.086397
1,3.2092
0,-1.333
1,3.231
1,1.6506
0,-1.0928
0,-0.7539
1,2.3455
1,1.6956
0,0.74455
1,2.2185
0,-1.5263
0,0.27725
0,-0.31992
1,1.4698
0,-0.59683
0,-0.92233
1,2.1539
0,0.66593
1,2.9286
0,0.95801
0,1.3558
1,2.4025
0,-0.23752
1,1.5611
0,-1.0072
0,1.272
0,1.0603
0,1.1723
1,1.1368
1,0.25272
0,-0.20533
1,0.57989
1,0.90194
0,0.70707
1,0.99998
0,-1.0138
1,1.4643
1,2.9277
0,-0.76413
1,1.9011
0,1.2571
1,0.93046
0,1.9729
1,1.0202
1,0.33271
1,-0.13609
0,-1.7334
0,-0.65276
1,1.5134
0,-0.79549
1,2.0548
1,1.3101
0,1.2244
0,0.38015
1,0.99636
1,0.82213
0,-0.77799
0,0.7918
0,0.67774
1,2.8949
0,-0.14707
0,0.56445
1,1.0968
1,1.3055
1,0.14438
0,-0.13766
1,1.3018
0,0.087064
0,0.22198
0,-1.5626
1,1.2926
0,0.4143
1,1.2725
1,1.263
0,0.031661
0,1.5141
1,2.333
1,1.4124
1,1.7594
1,2.0247
1,2.1874
0,0.18629
0,1.9033
0,0.2235
1,0.69914
0,0.47282
1,2.6083
0,-1.3321
0,0.59369
1,1.3388
0,0.32486
0,-0.94419
1,0.12349
1,0.56117
1,1.3459
0,0.27285
0,-0.42089
1,0.97873
0,1.4348
1,0.45727
0,1.3583
0,1.2281
0,0.5015
1,0.2278
1,1.8897
1,2.2265
0,-0.79796
0,1.3608
0,-1.5389
1,1.3401
1,1.4417
1,1.7459
1,1.4586
0,-0.88696
1,0.4083
1,2.1743
0,-0.19838
0,0.080487
1,0.47344
1,1.7552
0,-2.0423
0,1.1735
1,1.7964
1,0.92108
1,1.1365
1,-0.29629
1,3.2983
1,2.6238
1,1.4134
1,2.4204
0,0.37951
0,-0.87775
1,1.3095
1,1.998
0,1.4543
1,1.2475
1,1.4199
0,-3.06
0,0.5453
0,0.16864
0,1.1909
0,1.8371
0,1.16
1,1.0948
0,-1.5623
1,0.62874
0,-0.37674
1,1.0801
0,0.58855
0,-1.3773
0,1.3506
1,1.4748
1,1.2536
1,1.397
0,-0.76017
0,-0.8709
1,1.2044
0,0.86155
1,0.63792
0,0.6814
1,2.189
0,-2.0956
0,-1.8978
0,0.045423
1,1.9511
1,-1.111
1,1.4329
1,1.5729
1,2.5124
1,2.761
0,-1.5369
0,0.54239
0,-1.0798
0,0.47182
0,0.27579
0,0.58791
1,1.2624
0,-0.16199
0,-0.89149
0,-2.2936
0,-1.8499
1,1.6652
1,0.74772
1,1.0496
1,3.1103
0,-1.9995
0,0.30778
1,0.83327
0,1.6683
0,0.68644
1,1.5728
1,2.729
1,0.87393
0,-0.54122
1,1.9174
0,-0.2446
1,2.1113
0,0.10507
0,-0.12417
1,0.82206
0,-0.36314
1,2.88
0,0.79859
1,2.409
1,2.6056
0,0.060827
0,-0.55804
1,0.1778
0,0.30118
0,-0.64137
1,2.7321
0,-0.72463
0,-2.1549
1,1.7138
0,-1.9649
1,1.2583
1,1.5135
1,1.4225
1,1.9091
0,-0.81167
0,1.3573
1,1.4815
0,0.21866
0,-0.66841
0,0.47619
1,-0.10689
1,0.04742
1,1.7391
0,-1.3261
1,2.4107
0,0.38827
0,0.65416
1,-0.015016
1,1.4454
1,1.6581
1,1.4509
0,1.4467
0,-0.62332
1,0.91699
1,1.3437
0,1.9206
0,1.7901
1,0.87062
1,1.5019
0,0.2059
1,2.9587
1,1.5401
1,2.3352
0,0.00052368
1,2.4528
0,-0.54393
1,-0.080596
0,1.3239
0,2.1921
0,0.40172
0,0.18035
1,1.045
0,-0.65316
1,0.40204
1,1.0241
1,1.7307
0,-0.21449
0,0.87508
0,-0.8024
0,-1.1572
1,1.037
0,-1.475
1,0.6761
1,1.7309
1,0.84571
1,1.2278
0,1.5612
1,-0.31998
1,0.29718
1,1.7254
1,1.31
0,0.10054
0,-1.0361
1,1.751
1,1.0402
0,-0.0016906
0,-0.31723
1,0.35615
0,-0.27057
0,1.5018
1,1.3004
0,2.0408
1,2.7584
0,1.1685
1,0.36784
1,2.2267
1,1.4954
0,0.37597
0,0.78639
1,2.053
0,-1.0983
0,0.093582
0,-0.55347
0,0.64224
0,-0.98954
1,1.5041
0,-1.2395
0,0.086541
1,0.99539
1,3.0067
0,-1.6393
0,1.5798
0,-0.19017
1,2.1361
1,2.4447
0,-0.6674
1,1.967
0,-0.85817
0,-0.64784
1,0.60449
0,-0.50658
0,-0.05425
1,2.3703
0,0.78091
1,2.6332
0,-2.3908
1,1.6856
0,-0.8758
0,0.027103
0,0.56745
1,2.6266
0,-1.6142
0,1.1937
1,2.9282
1,1.8483
1,2.314
0,0.46614
1,1.7167
0,-0.99604
1,3.1505
1,2.7535
1,-0.59865
0,-1.1758
1,1.6374
1,0.74078
1,-0.09074
1,-0.97308
1,0.58142
0,0.14706
1,0.58498
0,1.278
0,0.23517
0,-0.39665
0,0.35582
1,3.055
1,1.6984
1,1.0196
0,-0.83032
1,1.1335
1,2.1694
0,-0.59269
0,-0.26077
1,1.5295
1,1.5006
1,2.927
0,-0.57402
0,-0.80993
0,-0.41631
0,-0.95145
0,1.8106
0,-0.40279
0,0.88469
1,1.9212
1,1.5973
0,-1.3373
1,0.81178
1,0.20906
0,0.11886
1,0.7804
0,1.2068
0,2.4298
0,-1.4997
1,2.106
1,1.7917
0,0.82956
0,-0.073548
0,-0.34522
0,-1.1401
0,-0.85731
0,1.4141
1,1.0328
0,-1.3221
1,3.9349
0,-0.26699
1,0.51771
1,2.4295
1,2.0328
1,2.058
1,2.9925
0,0.74053
1,2.1079
0,0.50455
1,0.52829
0,-0.35586
0,-1.3367
1,2.2071
1,1.871
0,1.0591
0,0.9753
1,2.3892
0,0.58399
0,-1.1361
0,0.094477
0,0.64841
1,1.4013
0,0.32115
1,2.1064
1,1.496
1,0.28546
0,-1.3319
1,0.64056
0,-1.1982
0,-0.41854
1,1.2221
0,1.1594
1,1.1807
0,2.2941
0,0.054212
1,0.19143
1,0.60202
1,1.4441
1,1.4836
1,1.3642
0,-0.58808
1,2.1983
1,0.70811
0,1.9584
0,0.83791
1,0.25589
0,-0.040652
0,0.19396
0,-0.73258
1,0.36402
0,0.52306
1,1.3022
0,-0.37973
1,3.342
0,0.47601
1,0.98902
0,-1.244
0,-0.26495
0,1.2409
0,-0.45211
0,-0.57552
1,2.0928
1,3.8772
0,0.18779
0,0.96541
0,-1.6777
0,0.53972
1,2.8888
0,1.3312
1,1.6528
0,-0.27504
0,-1.0591
0,0.60113
1,0.2071
1,1.4251
1,2.3407
1,0.39651
1,1.325
0,-1.7359
0,-0.12774
1,1.2105
1,0.74641
1,1.6536
1,0.70826
0,-0.73736
1,0.88818
0,0.41622
1,1.4748
0,-0.47976
1,3.1775
0,1.3566
0,-1.2417
0,1.2233
0,-0.2551
1,1.1218
1,1.4994
0,0.56165
0,-1.3014
0,0.28252
0,-0.45582
0,-0.47387
0,-0.45398
1,1.741
1,2.0831
1,-0.22599
0,-0.11108
1,2.3222
0,-1.3352
0,-1.6718
0,0.17257
1,1.5932
0,-0.73487
0,-1.4066
1,1.6431
0,-1.1577
1,0.89343
0,0.31963
0,0.45039
1,3.0218
1,2.2059
0,-0.82647
1,0.89582
1,2.8485
1,2.2552
1,3.0501
0,-0.33323
0,1.9871
0,0.75728
1,1.438
1,1.8132
0,-1.858
0,1.3659
1,0.85409
1,0.84933
0,0.51331
1,3.4987
0,2.3073
0,-0.75588
1,1.2803
1,1.2645
0,1.4178
0,0.98302
1,1.2455
1,3.4403
1,2.479
1,3.1296
1,2.155
1,1.3739
1,1.6326
0,-0.80733
1,0.90711
0,1.5278
0,-0.3557
0,-0.56829
1,2.302
0,1.1238
1,1.5567
1,-0.29491
0,1.6148
0,-0.66296
0,0.2893
1,2.395
0,0.21745
1,2.3946
0,-1.3375
0,0.34873
0,0.86151
1,1.5727
1,2.0399
1,-1.1048
0,-0.8598
0,1.7604
0,-0.39301
1,2.8565
1,0.060324
0,1.4565
0,0.10625
1,2.5964
1,2.8507
1,0.67841
1,3.3948
0,1.2741
1,2.8916
0,0.078658
1,2.6885
1,1.3049
0,0.436
0,-1.2956
1,0.56147
1,1.7138
0,-1.3456
0,0.26045
1,1.2425
0,-1.2313
1,1.9838
1,1.0411
1,-0.75901
0,-0.69215
0,-0.83665
1,1.2896
1,2.918
0,-0.84453
1,2.9855
0,-0.88776
0,1.0339
1,1.4711
1,1.0738
1,1.282
0,-1.1213
1,-0.67581
1,1.0952
1,1.4668
0,-0.35574
0,1.0692
1,0.12134
0,-2.1606
0,1.1302
1,3.2203
0,-1.2486
1,0.83528
1,2.8052
0,0.043848
1,1.2765
0,-0.90913
1,1.6586
0,2.6883
1,2.6448
1,0.75155
1,-0.22391
0,0.53886
1,3.836
1,1.2009
0,0.96304
0,-0.4921
0,-1.9408
0,1.0478
0,0.51793
1,1.9717
0,0.65973
1,2.7236
1,2.5531
0,-0.91306
1,1.0403
1,2.816
0,-0.91011
0,-0.51046
0,-0.43001
1,1.357
1,2.9623
0,-2.4845
1,1.3068
1,0.77832
0,1.5123
0,-0.55615
1,1.7484
0,1.2106
1,2.3939
1,0.41731
0,0.39116
0,0.24201
1,1.2352
1,-0.47638
1,1.24
0,-1.0521
0,-0.56218
0,0.30855
0,-1.1008
1,2.5277
1,1.341
0,-0.445
1,0.46115
0,0.37085
1,2.0259
1,1.2896
1,1.0162
1,1.4495
0,0.60003
1,2.0638
1,2.0808
0,-0.74729
1,2.0364
1,2.8501
0,0.1866
1,1.1511
0,-1.0261
0,0.0002989
0,0.92718
0,-1.2522
0,-0.066231
0,-1.2608
0,1.2229
0,1.1358
0,2.4172
0,0.38384
0,0.17356
0,-0.85994
1,-0.28474
1,0.91945
0,-2.2196
0,-1.6894
1,1.1321
1,-0.16994
1,1.583
0,1.315
0,-0.78243
1,2.1387
0,1.1088
0,0.56293
1,1.4364
1,1.6863
1,1.6358
0,-1.1929
0,1.4647
0,-1.6082
1,1.5999
0,-0.33494
0,0.77178
1,2.3723
1,1.3364
0,0.066492
0,0.75587
1,3.7643
0,-0.77711
1,0.44081
1,3.0014
1,2.217
0,-1.7452
0,-0.25962
1,0.94499
1,2.7786
0,-0.21255
0,-0.68528
1,0.46769
0,-1.2934
1,1.9484
1,2.965
1,0.33451
0,0.27086
0,0.29088
1,3.7267
0,1.2055
0,0.17199
1,2.8389
1,1.1282
1,1.5798
0,0.80008
1,-0.022152
1,2.3258
0,1.503
0,0.55956
1,1.3888
0,1.9383
1,1.1798
0,0.49956
1,2.2524
1,0.92261
1,1.7477
1,1.2109
0,-0.23717
0,-0.12472
0,0.63643
0,-0.44598
1,2.2362
1,2.2337
0,2.0315
0,1.8932
0,0.53686
1,0.19361
0,0.67227
1,1.2348
0,-1.0103
1,-0.65874
0,-1.5412
1,1.9095
1,2.0995
1,1.0753
0,-0.46739
1,1.5944
1,1.0008
1,3.4986
0,0.015475
0,0.29885
1,2.4105
1,0.55401
1,2.2638
1,1.7892
1,2.655
1,3.4173
1,2.1761
1,1.5361
1,1.7088
1,-0.81213
0,-0.55968
1,2.6061
1,1.5312
1,1.2064
0,-1.1166
1,2.2092
0,0.41066
0,0.54188
0,0.11441
0,-1.7063
0,-1.541
1,1.6975
0,-1.7565
1,1.5932
1,2.3233
1,-0.056911
1,2.3406
0,-1.3465
1,1.1059
0,-1.5329
1,1.4295
1,0.38728
0,-0.20058
0,0.66484
1,4.1294
1,2.9153
1,0.97835
0,-0.07423
0,0.55842
0,0.35976
0,0.10974
0,-0.44086
0,0.86011
0,-1.4001
0,0.18755
1,1.9744
1,0.39033
1,1.6815
0,1.0229
1,0.52185
0,-1.4205
1,2.0113
1,0.03913
0,0.54141
0,-0.59845
1,1.8544
1,-0.090522
0,-0.96805
0,1.1806
0,0.010958
1,1.0968
1,1.4696
1,0.2632
1,1.3964
0,-0.10535
